renewable energy generation percentage,non-renewable energy generation percentage,date
0.2864958625484403,0.7135041374515597,2015-01-01
0.30571660763394554,0.6942833923660545,2015-01-02
0.3160258813846941,0.6839741186153059,2015-01-03
0.25325303193166016,0.7467469680683398,2015-01-04
0.26055513058425644,0.7394448694157436,2015-01-05
0.22741768695068262,0.7725823130493173,2015-01-06
0.25402921449025956,0.7459707855097404,2015-01-07
0.27580468118066653,0.7241953188193335,2015-01-08
0.2825345917456947,0.7174654082543053,2015-01-09
0.34433327530947744,0.6556667246905226,2015-01-10
0.3303339466222709,0.6696660533777291,2015-01-11
0.33076708710632446,0.6692329128936756,2015-01-12
0.3249074697811308,0.6750925302188693,2015-01-13
0.40684151867877855,0.5931584813212214,2015-01-14
0.4186434365538144,0.5813565634461856,2015-01-15
0.3627990656768178,0.6372009343231821,2015-01-16
0.3268778480011121,0.6731221519988879,2015-01-17
0.3485698881644824,0.6514301118355176,2015-01-18
0.2974919387267765,0.7025080612732235,2015-01-19
0.37337341315752537,0.6266265868424746,2015-01-20
0.3964434371034865,0.6035565628965135,2015-01-21
0.38593127484015477,0.6140687251598452,2015-01-22
0.4086229679624244,0.5913770320375755,2015-01-23
0.46733706185800833,0.5326629381419916,2015-01-24
0.36380121575598917,0.6361987842440109,2015-01-25
0.37831982021014104,0.621680179789859,2015-01-26
0.3738683765028374,0.6261316234971626,2015-01-27
0.5033404021428699,0.4966595978571301,2015-01-28
0.5848080118396749,0.4151919881603251,2015-01-29
0.6186301788029481,0.3813698211970519,2015-01-30
0.5793230705232094,0.4206769294767906,2015-01-31
0.4731467376894213,0.5268532623105787,2015-02-01
0.4961226102955423,0.5038773897044577,2015-02-02
0.5303109895594494,0.46968901044055056,2015-02-03
0.5049187578718166,0.4950812421281834,2015-02-04
0.4318983787692009,0.5681016212307991,2015-02-05
0.3414166299700495,0.6585833700299505,2015-02-06
0.45417259055983517,0.5458274094401648,2015-02-07
0.42672847717438966,0.5732715228256103,2015-02-08
0.30859415627163195,0.6914058437283681,2015-02-09
0.28357900704092587,0.7164209929590741,2015-02-10
0.2686667573805139,0.7313332426194861,2015-02-11
0.39033469698820605,0.609665303011794,2015-02-12
0.5504512680505131,0.44954873194948686,2015-02-13
0.5336137540694686,0.46638624593053135,2015-02-14
0.42613684865254414,0.5738631513474559,2015-02-15
0.52856325701556,0.47143674298444005,2015-02-16
0.4482606555852473,0.5517393444147527,2015-02-17
0.3552486588018164,0.6447513411981836,2015-02-18
0.3786025740064654,0.6213974259935346,2015-02-19
0.5478950918469772,0.45210490815302284,2015-02-20
0.5810119883875484,0.4189880116124516,2015-02-21
0.5922015403497276,0.4077984596502724,2015-02-22
0.5955175419390981,0.4044824580609019,2015-02-23
0.5805300052618123,0.4194699947381877,2015-02-24
0.5537796269420353,0.4462203730579647,2015-02-25
0.562237227780703,0.43776277221929705,2015-02-26
0.5297727387429567,0.4702272612570433,2015-02-27
0.5462249029708122,0.45377509702918783,2015-02-28
0.48263983976337427,0.5173601602366258,2015-03-01
0.38124123639753693,0.6187587636024631,2015-03-02
0.5651064884435371,0.43489351155646294,2015-03-03
0.6007942836486733,0.39920571635132673,2015-03-04
0.46116719942104667,0.5388328005789533,2015-03-05
0.42691224958226254,0.5730877504177374,2015-03-06
0.4464010280801687,0.5535989719198313,2015-03-07
0.3955862788548991,0.6044137211451008,2015-03-08
0.3477700968276965,0.6522299031723036,2015-03-09
0.36772354396846113,0.6322764560315388,2015-03-10
0.3945630760992331,0.6054369239007669,2015-03-11
0.4862913578570585,0.5137086421429415,2015-03-12
0.49671200017581124,0.5032879998241888,2015-03-13
0.41096470507891103,0.589035294921089,2015-03-14
0.3476281593920333,0.6523718406079667,2015-03-15
0.39516637728977194,0.604833622710228,2015-03-16
0.41445440112635373,0.5855455988736462,2015-03-17
0.48143108564582454,0.5185689143541754,2015-03-18
0.5172141522745849,0.4827858477254151,2015-03-19
0.46516577723687763,0.5348342227631224,2015-03-20
0.46779704024726315,0.5322029597527369,2015-03-21
0.3810190992034132,0.6189809007965867,2015-03-22
0.44624701778204895,0.553752982217951,2015-03-23
0.5384441920853129,0.4615558079146871,2015-03-24
0.4950314175740913,0.5049685824259087,2015-03-25
0.4953514765467171,0.5046485234532829,2015-03-26
0.48100494623158707,0.5189950537684129,2015-03-27
0.49793632771514823,0.5020636722848517,2015-03-28
0.4905619914941852,0.5094380085058148,2015-03-29
0.4655592094225617,0.5344407905774383,2015-03-30
0.5217966337434272,0.4782033662565728,2015-03-31
0.47393717264347723,0.5260628273565228,2015-04-01
0.4257365351967331,0.574263464803267,2015-04-02
0.5024791598505903,0.49752084014940967,2015-04-03
0.4966606779144214,0.5033393220855786,2015-04-04
0.453502840650247,0.546497159349753,2015-04-05
0.4750771459609638,0.5249228540390363,2015-04-06
0.48032588861450065,0.5196741113854993,2015-04-07
0.39729711521277544,0.6027028847872246,2015-04-08
0.35511797511347387,0.6448820248865261,2015-04-09
0.2873171546060676,0.7126828453939325,2015-04-10
0.4130200102232138,0.5869799897767862,2015-04-11
0.4655840707825371,0.5344159292174628,2015-04-12
0.45417378810029657,0.5458262118997035,2015-04-13
0.35702040336198,0.6429795966380201,2015-04-14
0.3372196752690004,0.6627803247309996,2015-04-15
0.30525293760462935,0.6947470623953707,2015-04-16
0.35928768027932917,0.6407123197206708,2015-04-17
0.36538812512855967,0.6346118748714403,2015-04-18
0.32164367509849034,0.6783563249015097,2015-04-19
0.4342014635890281,0.5657985364109719,2015-04-20
0.3744071985421385,0.6255928014578616,2015-04-21
0.30099569668884724,0.6990043033111528,2015-04-22
0.28236106477824013,0.7176389352217598,2015-04-23
0.3819802945624028,0.6180197054375972,2015-04-24
0.41427017654306303,0.585729823456937,2015-04-25
0.5141207387364344,0.4858792612635656,2015-04-26
0.3845763441736757,0.6154236558263243,2015-04-27
0.3396519972779405,0.6603480027220595,2015-04-28
0.4161942993303542,0.5838057006696458,2015-04-29
0.5202725479166653,0.47972745208333467,2015-04-30
0.495558156129217,0.504441843870783,2015-05-01
0.44867168478177605,0.551328315218224,2015-05-02
0.4972758696985217,0.5027241303014782,2015-05-03
0.49845265072689393,0.5015473492731061,2015-05-04
0.3780513087611642,0.6219486912388358,2015-05-05
0.47353680824759103,0.526463191752409,2015-05-06
0.5566549320990729,0.4433450679009271,2015-05-07
0.3969823558401683,0.6030176441598317,2015-05-08
0.47751282041220483,0.5224871795877952,2015-05-09
0.4101324130426947,0.5898675869573053,2015-05-10
0.4031324821821901,0.5968675178178099,2015-05-11
0.4513755593651209,0.548624440634879,2015-05-12
0.5415056334270546,0.4584943665729454,2015-05-13
0.5699363205555485,0.43006367944445145,2015-05-14
0.5908246193006994,0.4091753806993006,2015-05-15
0.5623609071542199,0.43763909284578006,2015-05-16
0.44473463868854013,0.5552653613114599,2015-05-17
0.5329132694637982,0.46708673053620176,2015-05-18
0.5004197078173102,0.49958029218268984,2015-05-19
0.5419644936784358,0.4580355063215642,2015-05-20
0.556443017771075,0.44355698222892503,2015-05-21
0.5579757610978195,0.44202423890218046,2015-05-22
0.5076821510148564,0.49231784898514364,2015-05-23
0.47112916838219204,0.5288708316178079,2015-05-24
0.5137390981248522,0.4862609018751478,2015-05-25
0.4921065445652995,0.5078934554347005,2015-05-26
0.424959212594674,0.575040787405326,2015-05-27
0.39701146155772893,0.6029885384422711,2015-05-28
0.34590560889247335,0.6540943911075267,2015-05-29
0.3331904546379256,0.6668095453620744,2015-05-30
0.34159657301328916,0.6584034269867108,2015-05-31
0.3427279167591669,0.6572720832408331,2015-06-01
0.36198830460444514,0.6380116953955548,2015-06-02
0.37303462620884176,0.6269653737911582,2015-06-03
0.37506990950497776,0.6249300904950222,2015-06-04
0.42194960309126966,0.5780503969087303,2015-06-05
0.41119461803814783,0.5888053819618522,2015-06-06
0.368357427499289,0.631642572500711,2015-06-07
0.35824681203090347,0.6417531879690965,2015-06-08
0.3562225006453282,0.6437774993546719,2015-06-09
0.32103869491586756,0.6789613050841324,2015-06-10
0.3094601630246258,0.6905398369753741,2015-06-11
0.32851584308853604,0.671484156911464,2015-06-12
0.3031738811507824,0.6968261188492175,2015-06-13
0.31988172538913245,0.6801182746108676,2015-06-14
0.38556381711462007,0.6144361828853799,2015-06-15
0.46106581213702574,0.5389341878629743,2015-06-16
0.44347576559086116,0.5565242344091388,2015-06-17
0.43745013196204663,0.5625498680379534,2015-06-18
0.42232175164077085,0.5776782483592291,2015-06-19
0.35053181485493196,0.6494681851450681,2015-06-20
0.3257381295200754,0.6742618704799246,2015-06-21
0.3224168802259095,0.6775831197740905,2015-06-22
0.28905759285246657,0.7109424071475334,2015-06-23
0.2882338505289678,0.7117661494710321,2015-06-24
0.3048408662265648,0.6951591337734352,2015-06-25
0.3248062766744955,0.6751937233255045,2015-06-26
0.29457466982966385,0.7054253301703362,2015-06-27
0.31901139365669146,0.6809886063433086,2015-06-28
0.35148710681828554,0.6485128931817145,2015-06-29
0.35391856269319993,0.6460814373068,2015-06-30
0.30802075151852787,0.6919792484814722,2015-07-01
0.3901214224408469,0.6098785775591531,2015-07-02
0.33553064984416264,0.6644693501558374,2015-07-03
0.33062589366079104,0.6693741063392089,2015-07-04
0.32015072311171483,0.6798492768882851,2015-07-05
0.3009582644826476,0.6990417355173524,2015-07-06
0.3473476885590269,0.652652311440973,2015-07-07
0.33597773479564047,0.6640222652043595,2015-07-08
0.2990318195707964,0.7009681804292036,2015-07-09
0.32385655272479624,0.6761434472752037,2015-07-10
0.2982549068695875,0.7017450931304126,2015-07-11
0.2902977791092971,0.7097022208907029,2015-07-12
0.2951048222730372,0.7048951777269628,2015-07-13
0.2766233468022089,0.7233766531977911,2015-07-14
0.2715223289823345,0.7284776710176655,2015-07-15
0.24077029579726258,0.7592297042027374,2015-07-16
0.2987916708206198,0.7012083291793803,2015-07-17
0.26665599554781555,0.7333440044521844,2015-07-18
0.23760632466807596,0.762393675331924,2015-07-19
0.2492271176774678,0.7507728823225321,2015-07-20
0.2723442484538386,0.7276557515461615,2015-07-21
0.2633668023414037,0.7366331976585963,2015-07-22
0.32212449725298126,0.6778755027470187,2015-07-23
0.3419689288088272,0.6580310711911728,2015-07-24
0.3068542764313349,0.6931457235686651,2015-07-25
0.2984793663902911,0.7015206336097088,2015-07-26
0.2760736064800892,0.7239263935199107,2015-07-27
0.28186595100143386,0.7181340489985661,2015-07-28
0.3341824161825086,0.6658175838174913,2015-07-29
0.3316623499404148,0.6683376500595852,2015-07-30
0.3091034379488935,0.6908965620511065,2015-07-31
0.3634965085193815,0.6365034914806185,2015-08-01
0.2971436202660221,0.702856379733978,2015-08-02
0.254119369662904,0.745880630337096,2015-08-03
0.3005664580192342,0.6994335419807658,2015-08-04
0.26020153318464595,0.7397984668153541,2015-08-05
0.28615454154271885,0.7138454584572811,2015-08-06
0.3308456286682441,0.6691543713317559,2015-08-07
0.35629446080261257,0.6437055391973874,2015-08-08
0.25602573806650464,0.7439742619334954,2015-08-09
0.25424796738751165,0.7457520326124883,2015-08-10
0.25714842103845836,0.7428515789615416,2015-08-11
0.4108279704482118,0.5891720295517882,2015-08-12
0.3265647864187181,0.6734352135812819,2015-08-13
0.29734108603362314,0.7026589139663768,2015-08-14
0.2606612847986672,0.7393387152013329,2015-08-15
0.266250023392932,0.733749976607068,2015-08-16
0.2889595761485095,0.7110404238514905,2015-08-17
0.26461259493228406,0.7353874050677159,2015-08-18
0.2638259082028838,0.7361740917971162,2015-08-19
0.2644766087179854,0.7355233912820146,2015-08-20
0.303586210129565,0.696413789870435,2015-08-21
0.49865503097124164,0.5013449690287584,2015-08-22
0.40293170632473224,0.5970682936752678,2015-08-23
0.2779040479563717,0.7220959520436283,2015-08-24
0.36265660053007764,0.6373433994699224,2015-08-25
0.35355702940097544,0.6464429705990246,2015-08-26
0.2829900742280901,0.7170099257719099,2015-08-27
0.33599932414172773,0.6640006758582723,2015-08-28
0.34542384395524744,0.6545761560447525,2015-08-29
0.25377180179162917,0.7462281982083708,2015-08-30
0.29124381715830894,0.7087561828416911,2015-08-31
0.28979806328472074,0.7102019367152792,2015-09-01
0.3282660660851938,0.6717339339148062,2015-09-02
0.31740874921112555,0.6825912507888745,2015-09-03
0.31164852300655177,0.6883514769934482,2015-09-04
0.28103710915304,0.7189628908469601,2015-09-05
0.2543669411424452,0.7456330588575548,2015-09-06
0.21692031313866383,0.7830796868613361,2015-09-07
0.24068483701663154,0.7593151629833684,2015-09-08
0.2220251874994624,0.7779748125005376,2015-09-09
0.2539561266230256,0.7460438733769744,2015-09-10
0.29134736469123024,0.7086526353087698,2015-09-11
0.46629441406878697,0.533705585931213,2015-09-12
0.3758096619660174,0.6241903380339826,2015-09-13
0.42243570783480205,0.577564292165198,2015-09-14
0.5107942230511948,0.4892057769488052,2015-09-15
0.3764926513064965,0.6235073486935034,2015-09-16
0.2679268687725573,0.7320731312274427,2015-09-17
0.3264427134426725,0.6735572865573275,2015-09-18
0.2887147166039668,0.7112852833960333,2015-09-19
0.24628198426934647,0.7537180157306536,2015-09-20
0.34104195363738754,0.6589580463626125,2015-09-21
0.3366246413297136,0.6633753586702864,2015-09-22
0.28044392575466853,0.7195560742453315,2015-09-23
0.2521738367048184,0.7478261632951816,2015-09-24
0.23252063367222137,0.7674793663277786,2015-09-25
0.3146677971984826,0.6853322028015174,2015-09-26
0.3146554011880245,0.6853445988119755,2015-09-27
0.26213710789006367,0.7378628921099364,2015-09-28
0.2551659589767993,0.7448340410232007,2015-09-29
0.2642439478830233,0.7357560521169767,2015-09-30
0.26973182214974395,0.730268177850256,2015-10-01
0.23943781105955156,0.7605621889404485,2015-10-02
0.45634132401288624,0.5436586759871138,2015-10-03
0.5352860005266931,0.46471399947330694,2015-10-04
0.505524601228542,0.49447539877145796,2015-10-05
0.28044763534832545,0.7195523646516746,2015-10-06
0.28454608771977613,0.7154539122802239,2015-10-07
0.23365436427582228,0.7663456357241777,2015-10-08
0.2928432579952009,0.707156742004799,2015-10-09
0.25617728966692344,0.7438227103330766,2015-10-10
0.3208557727258757,0.6791442272741244,2015-10-11
0.36533825336919434,0.6346617466308057,2015-10-12
0.3785053301754614,0.6214946698245386,2015-10-13
0.2692318371596564,0.7307681628403436,2015-10-14
0.2105151261844493,0.7894848738155507,2015-10-15
0.38103948046164154,0.6189605195383585,2015-10-16
0.2933907083914043,0.7066092916085958,2015-10-17
0.31538244644958335,0.6846175535504166,2015-10-18
0.43158072480589393,0.5684192751941061,2015-10-19
0.3991012337216073,0.6008987662783927,2015-10-20
0.3507627402133375,0.6492372597866625,2015-10-21
0.25262920081003126,0.7473707991899687,2015-10-22
0.23262286373303623,0.7673771362669638,2015-10-23
0.26690455818878106,0.733095441811219,2015-10-24
0.30153111910123753,0.6984688808987625,2015-10-25
0.372794322612454,0.6272056773875461,2015-10-26
0.4305892708604039,0.5694107291395961,2015-10-27
0.3398813952329884,0.6601186047670116,2015-10-28
0.40164083554843766,0.5983591644515623,2015-10-29
0.36735781120269584,0.6326421887973042,2015-10-30
0.49527980216806816,0.5047201978319318,2015-10-31
0.4267807555562334,0.5732192444437666,2015-11-01
0.4002969532698615,0.5997030467301385,2015-11-02
0.31310736115720367,0.6868926388427963,2015-11-03
0.34197993960739304,0.658020060392607,2015-11-04
0.3256094171996953,0.6743905828003047,2015-11-05
0.3335269733581,0.6664730266419,2015-11-06
0.4003333025235434,0.5996666974764566,2015-11-07
0.2594670499787251,0.740532950021275,2015-11-08
0.24658378051906826,0.7534162194809317,2015-11-09
0.23365566342741204,0.7663443365725879,2015-11-10
0.23814908290625303,0.761850917093747,2015-11-11
0.2788868032566133,0.7211131967433867,2015-11-12
0.27171184764268685,0.7282881523573131,2015-11-13
0.2458244201042408,0.7541755798957592,2015-11-14
0.2712875325037162,0.7287124674962838,2015-11-15
0.28142551231791324,0.7185744876820868,2015-11-16
0.24535323578560317,0.7546467642143968,2015-11-17
0.24512940743237763,0.7548705925676223,2015-11-18
0.3789824723231711,0.6210175276768288,2015-11-19
0.5836390670158124,0.41636093298418764,2015-11-20
0.4560239263606943,0.5439760736393058,2015-11-21
0.3349516774534383,0.6650483225465618,2015-11-22
0.32429783727120615,0.6757021627287938,2015-11-23
0.45770217150590575,0.5422978284940942,2015-11-24
0.4431435486271933,0.5568564513728067,2015-11-25
0.3638310949970523,0.6361689050029478,2015-11-26
0.34698752642497366,0.6530124735750263,2015-11-27
0.2585973571163683,0.7414026428836318,2015-11-28
0.2332570278956806,0.7667429721043194,2015-11-29
0.20421548501341272,0.7957845149865873,2015-11-30
0.20684965279378104,0.7931503472062189,2015-12-01
0.2505553394329144,0.7494446605670856,2015-12-02
0.21078769260335106,0.7892123073966489,2015-12-03
0.2181998428211761,0.7818001571788239,2015-12-04
0.252644994486372,0.747355005513628,2015-12-05
0.3064402546056969,0.6935597453943031,2015-12-06
0.19905903093787314,0.8009409690621269,2015-12-07
0.22967175825694977,0.7703282417430503,2015-12-08
0.1963163900996036,0.8036836099003963,2015-12-09
0.19580197889111325,0.8041980211088867,2015-12-10
0.19214908795966962,0.8078509120403303,2015-12-11
0.24034114025370945,0.7596588597462905,2015-12-12
0.323730327935555,0.676269672064445,2015-12-13
0.34937072274512665,0.6506292772548734,2015-12-14
0.29092142513906494,0.7090785748609351,2015-12-15
0.28077161721831895,0.719228382781681,2015-12-16
0.27024719982779166,0.7297528001722083,2015-12-17
0.33739826731193734,0.6626017326880627,2015-12-18
0.2895767554072576,0.7104232445927424,2015-12-19
0.2603686728733384,0.7396313271266616,2015-12-20
0.3099476943290496,0.6900523056709504,2015-12-21
0.2260529165689381,0.7739470834310619,2015-12-22
0.2901406203000799,0.7098593796999201,2015-12-23
0.29444743555039127,0.7055525644496088,2015-12-24
0.3597155557910601,0.6402844442089399,2015-12-25
0.4471490048387399,0.5528509951612601,2015-12-26
0.4946754976071953,0.5053245023928047,2015-12-27
0.34978534458361155,0.6502146554163885,2015-12-28
0.40125115612828915,0.5987488438717108,2015-12-29
0.30846896163520005,0.6915310383647999,2015-12-30
0.4731692505446427,0.5268307494553572,2016-01-01
0.542616463666257,0.45738353633374296,2016-01-02
0.5030147739487104,0.4969852260512896,2016-01-03
0.5525284879492648,0.4474715120507352,2016-01-04
0.5939033091075492,0.4060966908924508,2016-01-05
0.5750755603283817,0.4249244396716183,2016-01-06
0.5454131305541567,0.45458686944584326,2016-01-07
0.5858329012147993,0.41416709878520075,2016-01-08
0.6181340974330864,0.38186590256691355,2016-01-09
0.6344979475749275,0.3655020524250725,2016-01-10
0.5064229577674471,0.49357704223255294,2016-01-11
0.4431499705853494,0.5568500294146506,2016-01-12
0.4575961094507388,0.5424038905492612,2016-01-13
0.5002895936375279,0.4997104063624721,2016-01-14
0.5230432655546198,0.4769567344453802,2016-01-15
0.4675307937597158,0.5324692062402843,2016-01-16
0.4939169668701886,0.5060830331298114,2016-01-17
0.32634691614608125,0.6736530838539188,2016-01-18
0.2990997546308397,0.7009002453691603,2016-01-19
0.3293026883245245,0.6706973116754755,2016-01-20
0.32967530308698445,0.6703246969130155,2016-01-21
0.33763706752473843,0.6623629324752616,2016-01-22
0.44094474757858837,0.5590552524214116,2016-01-23
0.33522362634987934,0.6647763736501207,2016-01-24
0.27736385819247295,0.7226361418075271,2016-01-25
0.35093929705368215,0.6490607029463178,2016-01-26
0.3131165238202989,0.6868834761797011,2016-01-27
0.30157377718129535,0.6984262228187046,2016-01-28
0.4264232597571016,0.5735767402428984,2016-01-29
0.5038318992892641,0.4961681007107359,2016-01-30
0.3532564585618358,0.6467435414381641,2016-01-31
0.30934679064325943,0.6906532093567406,2016-02-01
0.45626966413749814,0.5437303358625019,2016-02-02
0.43743546811141176,0.5625645318885882,2016-02-03
0.3934446251706498,0.6065553748293502,2016-02-04
0.5599535426050156,0.4400464573949844,2016-02-05
0.6473823658796931,0.3526176341203069,2016-02-06
0.6054159378417275,0.39458406215827246,2016-02-07
0.6105109131679509,0.3894890868320491,2016-02-08
0.6103411001016338,0.3896588998983662,2016-02-09
0.5926568419734899,0.4073431580265101,2016-02-10
0.6478536871756175,0.35214631282438247,2016-02-11
0.7108469344160234,0.2891530655839766,2016-02-12
0.6979262871311938,0.30207371286880624,2016-02-13
0.6630654781624092,0.33693452183759076,2016-02-14
0.5573149584322119,0.4426850415677881,2016-02-15
0.4600165022492092,0.5399834977507908,2016-02-16
0.3969931690226501,0.60300683097735,2016-02-17
0.39949782547829804,0.600502174521702,2016-02-18
0.4541503106556164,0.5458496893443836,2016-02-19
0.4996524718045755,0.5003475281954245,2016-02-20
0.41862250424033093,0.5813774957596691,2016-02-21
0.507527193588713,0.492472806411287,2016-02-22
0.48333410892844436,0.5166658910715556,2016-02-23
0.5339862054887571,0.4660137945112429,2016-02-24
0.5377978880572254,0.4622021119427746,2016-02-25
0.6418574635685794,0.3581425364314206,2016-02-26
0.6275033038450523,0.37249669615494774,2016-02-27
0.6141612724978275,0.3858387275021725,2016-02-28
0.5372840150209445,0.46271598497905553,2016-02-29
0.5763247566304807,0.42367524336951934,2016-03-01
0.5527719325879994,0.4472280674120006,2016-03-02
0.5886999160808918,0.4113000839191082,2016-03-03
0.6049090036038458,0.3950909963961542,2016-03-04
0.5734893408118867,0.42651065918811326,2016-03-05
0.5522365804021084,0.44776341959789157,2016-03-06
0.5265636701974455,0.47343632980255446,2016-03-07
0.5942800075834349,0.4057199924165651,2016-03-08
0.5974354618714628,0.4025645381285372,2016-03-09
0.5525196608579843,0.4474803391420157,2016-03-10
0.5322474975152367,0.4677525024847633,2016-03-11
0.5200628677920737,0.47993713220792633,2016-03-12
0.39815200793010697,0.601847992069893,2016-03-13
0.33942224799982335,0.6605777520001767,2016-03-14
0.4572722216265832,0.5427277783734168,2016-03-15
0.35020439532638925,0.6497956046736107,2016-03-16
0.34719502282037185,0.6528049771796282,2016-03-17
0.3665701046607929,0.6334298953392071,2016-03-18
0.35192978394778573,0.6480702160522143,2016-03-19
0.3990031481218184,0.6009968518781816,2016-03-20
0.4526304753686479,0.5473695246313521,2016-03-21
0.5682112454753816,0.4317887545246184,2016-03-22
0.519158259990716,0.48084174000928404,2016-03-23
0.4961206949501657,0.5038793050498342,2016-03-24
0.5531377786206572,0.44686222137934284,2016-03-25
0.5829580716922096,0.4170419283077904,2016-03-26
0.578025047252434,0.421974952747566,2016-03-27
0.5008107306946685,0.4991892693053315,2016-03-28
0.508546430237173,0.49145356976282695,2016-03-29
0.5784391742672209,0.4215608257327791,2016-03-30
0.5133251639641511,0.48667483603584893,2016-03-31
0.5000381628965709,0.4999618371034291,2016-04-01
0.5774285555392289,0.4225714444607711,2016-04-02
0.4910744495416742,0.5089255504583259,2016-04-03
0.5922508130259937,0.4077491869740063,2016-04-04
0.5292652780124617,0.4707347219875383,2016-04-05
0.5710243365726054,0.42897566342739457,2016-04-06
0.572031193820415,0.427968806179585,2016-04-07
0.5414160336676407,0.4585839663323593,2016-04-08
0.5660883678326425,0.4339116321673575,2016-04-09
0.5463342659047645,0.4536657340952355,2016-04-10
0.5404494696011685,0.45955053039883154,2016-04-11
0.5577146382335638,0.4422853617664362,2016-04-12
0.5631155334375821,0.43688446656241786,2016-04-13
0.525308111016691,0.47469188898330905,2016-04-14
0.581489180436633,0.418510819563367,2016-04-15
0.4992220109188529,0.5007779890811471,2016-04-16
0.5190998672213049,0.48090013277869514,2016-04-17
0.5607650767715746,0.4392349232284254,2016-04-18
0.48121641629015516,0.5187835837098449,2016-04-19
0.48896580320663774,0.5110341967933623,2016-04-20
0.41069333679318193,0.589306663206818,2016-04-21
0.511472040810419,0.48852795918958103,2016-04-22
0.5799481881200981,0.4200518118799019,2016-04-23
0.5229697971668698,0.47703020283313025,2016-04-24
0.4912760552608009,0.5087239447391991,2016-04-25
0.4745478803263192,0.5254521196736808,2016-04-26
0.5002756303327159,0.49972436966728406,2016-04-27
0.4852210824660858,0.5147789175339141,2016-04-28
0.6060338424042067,0.39396615759579334,2016-04-29
0.6313784159311087,0.36862158406889134,2016-04-30
0.5801909924895728,0.41980900751042716,2016-05-01
0.5797848674530017,0.42021513254699827,2016-05-02
0.5074548110486374,0.49254518895136257,2016-05-03
0.48786748238008143,0.5121325176199185,2016-05-04
0.5242144009778276,0.47578559902217243,2016-05-05
0.5650157546213169,0.4349842453786831,2016-05-06
0.6125923415100897,0.3874076584899103,2016-05-07
0.5616777486795765,0.43832225132042346,2016-05-08
0.5435565126483862,0.4564434873516138,2016-05-09
0.5265091869160738,0.47349081308392615,2016-05-10
0.5449706145601168,0.45502938543988325,2016-05-11
0.6026460377696697,0.39735396223033026,2016-05-12
0.6228594733157287,0.37714052668427134,2016-05-13
0.5973121472995263,0.4026878527004737,2016-05-14
0.5607807854297511,0.43921921457024893,2016-05-15
0.4893288517754186,0.5106711482245814,2016-05-16
0.5131890253701932,0.4868109746298068,2016-05-17
0.5473244405351333,0.4526755594648667,2016-05-18
0.5193137328759934,0.48068626712400664,2016-05-19
0.6082515401896519,0.3917484598103481,2016-05-20
0.6188809223200323,0.38111907767996767,2016-05-21
0.49095813933212806,0.5090418606678719,2016-05-22
0.525466021912853,0.47453397808714703,2016-05-23
0.45262201362183924,0.5473779863781607,2016-05-24
0.4648483356316705,0.5351516643683295,2016-05-25
0.4803002906397651,0.5196997093602349,2016-05-26
0.5314863362459826,0.4685136637540174,2016-05-27
0.548575845033733,0.451424154966267,2016-05-28
0.45427199859773404,0.545728001402266,2016-05-29
0.46564790785480226,0.5343520921451977,2016-05-30
0.508001035488514,0.49199896451148595,2016-05-31
0.4148814590949688,0.5851185409050312,2016-06-01
0.41846158845904435,0.5815384115409556,2016-06-02
0.4286115273627265,0.5713884726372735,2016-06-03
0.37997959065940695,0.620020409340593,2016-06-04
0.3804668573485898,0.6195331426514101,2016-06-05
0.35994426626074616,0.6400557337392538,2016-06-06
0.36231334401756726,0.6376866559824328,2016-06-07
0.3345397383285065,0.6654602616714935,2016-06-08
0.4230152669892599,0.57698473301074,2016-06-09
0.39626623703061264,0.6037337629693873,2016-06-10
0.42137154461425513,0.5786284553857448,2016-06-11
0.5163240756856515,0.48367592431434847,2016-06-12
0.5232949457009531,0.47670505429904686,2016-06-13
0.525120700960069,0.474879299039931,2016-06-14
0.48386976719960134,0.5161302328003987,2016-06-15
0.4045551018984313,0.5954448981015688,2016-06-16
0.4470452694945203,0.5529547305054797,2016-06-17
0.46358666911792035,0.5364133308820797,2016-06-18
0.39968452155755546,0.6003154784424445,2016-06-19
0.3941370200337487,0.6058629799662514,2016-06-20
0.4574083768466815,0.5425916231533185,2016-06-21
0.4266128423267926,0.5733871576732075,2016-06-22
0.4117852948027631,0.5882147051972368,2016-06-23
0.4815400156425337,0.5184599843574663,2016-06-24
0.5132774410475927,0.48672255895240735,2016-06-25
0.4134916530158316,0.5865083469841684,2016-06-26
0.3354529264325914,0.6645470735674086,2016-06-27
0.3255259071383559,0.6744740928616442,2016-06-28
0.3177268880800575,0.6822731119199426,2016-06-29
0.318410845490198,0.6815891545098021,2016-06-30
0.3729251823606768,0.6270748176393233,2016-07-01
0.4280741958906872,0.5719258041093128,2016-07-02
0.3535698022916839,0.6464301977083161,2016-07-03
0.3346872899707498,0.6653127100292502,2016-07-04
0.3222600777586104,0.6777399222413896,2016-07-05
0.2692949145523438,0.7307050854476562,2016-07-06
0.28952435387877623,0.7104756461212238,2016-07-07
0.3547723673541118,0.6452276326458882,2016-07-08
0.34777517872863084,0.6522248212713692,2016-07-09
0.35087543236805485,0.6491245676319451,2016-07-10
0.3739759597199694,0.6260240402800306,2016-07-11
0.42511561614011467,0.5748843838598854,2016-07-12
0.45629988820885886,0.5437001117911411,2016-07-13
0.429955506564612,0.570044493435388,2016-07-14
0.3830322570815136,0.6169677429184863,2016-07-15
0.3605807914148991,0.6394192085851009,2016-07-16
0.366026922850072,0.633973077149928,2016-07-17
0.3327728191797344,0.6672271808202657,2016-07-18
0.31409362307909744,0.6859063769209026,2016-07-19
0.291328684697039,0.708671315302961,2016-07-20
0.3875872781730918,0.6124127218269082,2016-07-21
0.43979567010265397,0.560204329897346,2016-07-22
0.4265619105687519,0.5734380894312481,2016-07-23
0.36963624792562033,0.6303637520743797,2016-07-24
0.37594015998062574,0.6240598400193742,2016-07-25
0.37559769985815594,0.6244023001418441,2016-07-26
0.33016901772125773,0.6698309822787423,2016-07-27
0.31578385166815914,0.6842161483318409,2016-07-28
0.35980310704268315,0.6401968929573169,2016-07-29
0.4049739331747754,0.5950260668252245,2016-07-30
0.3433970405572642,0.6566029594427358,2016-07-31
0.3171178468800862,0.6828821531199138,2016-08-01
0.3070405078133897,0.6929594921866102,2016-08-02
0.35075252791853867,0.6492474720814614,2016-08-03
0.40456953730735296,0.595430462692647,2016-08-04
0.483470369839779,0.516529630160221,2016-08-05
0.4842431678957592,0.5157568321042407,2016-08-06
0.4370897042921848,0.5629102957078151,2016-08-07
0.49165783479480446,0.5083421652051956,2016-08-08
0.5400446853048957,0.4599553146951043,2016-08-09
0.4963973298796441,0.503602670120356,2016-08-10
0.3827022122935974,0.6172977877064025,2016-08-11
0.3831131975316357,0.6168868024683642,2016-08-12
0.3913050877661214,0.6086949122338786,2016-08-13
0.35949834193741276,0.6405016580625873,2016-08-14
0.2971785154306291,0.7028214845693709,2016-08-15
0.29885258496183015,0.7011474150381698,2016-08-16
0.3051001222454135,0.6948998777545865,2016-08-17
0.3269845164673305,0.6730154835326695,2016-08-18
0.39087982315807757,0.6091201768419224,2016-08-19
0.40754143896135947,0.5924585610386406,2016-08-20
0.32375600885374134,0.6762439911462587,2016-08-21
0.3267319792225107,0.6732680207774893,2016-08-22
0.37034656231499585,0.6296534376850041,2016-08-23
0.36564226404470684,0.6343577359552932,2016-08-24
0.3318516705033439,0.6681483294966561,2016-08-25
0.3089118445466537,0.6910881554533463,2016-08-26
0.31111578904654424,0.6888842109534558,2016-08-27
0.3729447580284004,0.6270552419715996,2016-08-28
0.32267750580359705,0.6773224941964029,2016-08-29
0.3073904386615616,0.6926095613384384,2016-08-30
0.30241654138196183,0.6975834586180382,2016-08-31
0.2687762706039512,0.7312237293960488,2016-09-01
0.2635590705957789,0.7364409294042211,2016-09-02
0.2695833975184164,0.7304166024815836,2016-09-03
0.2898696224101741,0.7101303775898259,2016-09-04
0.2587887700081063,0.7412112299918937,2016-09-05
0.2688785270665409,0.7311214729334591,2016-09-06
0.2773904831472386,0.7226095168527614,2016-09-07
0.2601558843830009,0.739844115616999,2016-09-08
0.24272364588402576,0.7572763541159743,2016-09-09
0.2662627565407251,0.7337372434592748,2016-09-10
0.3579666934430447,0.6420333065569552,2016-09-11
0.3718487383130531,0.6281512616869469,2016-09-12
0.3717509796450923,0.6282490203549077,2016-09-13
0.3748882062687356,0.6251117937312645,2016-09-14
0.37432932057098084,0.6256706794290192,2016-09-15
0.42625130429706276,0.5737486957029372,2016-09-16
0.4054643981634512,0.5945356018365489,2016-09-17
0.32353324258180943,0.6764667574181906,2016-09-18
0.29368986566541894,0.706310134334581,2016-09-19
0.24890270653364419,0.7510972934663558,2016-09-20
0.24165860131523437,0.7583413986847656,2016-09-21
0.24590925945772255,0.7540907405422774,2016-09-22
0.32234690070490635,0.6776530992950937,2016-09-23
0.2844790347450119,0.7155209652549881,2016-09-24
0.24065533811608603,0.7593446618839139,2016-09-25
0.3061845037960383,0.6938154962039618,2016-09-26
0.3310913685479601,0.6689086314520398,2016-09-27
0.30144363383703643,0.6985563661629636,2016-09-28
0.28448745272269443,0.7155125472773056,2016-09-29
0.25186641643236596,0.748133583567634,2016-09-30
0.24780426652628532,0.7521957334737147,2016-10-01
0.28580963213860855,0.7141903678613915,2016-10-02
0.2611064430513315,0.7388935569486685,2016-10-03
0.2927800002588396,0.7072199997411603,2016-10-04
0.2546674254927761,0.7453325745072239,2016-10-05
0.21885513975861823,0.7811448602413817,2016-10-06
0.25719438290040136,0.7428056170995987,2016-10-07
0.3510810837857914,0.6489189162142086,2016-10-08
0.2656637924054259,0.7343362075945741,2016-10-09
0.25659396686053676,0.7434060331394632,2016-10-10
0.25641885734101116,0.7435811426589889,2016-10-11
0.20367576665155698,0.796324233348443,2016-10-12
0.30847798051441866,0.6915220194855813,2016-10-13
0.3545880185122744,0.6454119814877256,2016-10-14
0.30169453366645776,0.6983054663335422,2016-10-15
0.17994667658634741,0.8200533234136526,2016-10-16
0.2084613923711672,0.7915386076288328,2016-10-17
0.203463878889851,0.7965361211101489,2016-10-18
0.23349896644085344,0.7665010335591466,2016-10-19
0.21411719690596176,0.7858828030940382,2016-10-20
0.2487913663163306,0.7512086336836694,2016-10-21
0.400636498705697,0.599363501294303,2016-10-22
0.2530335400101768,0.7469664599898231,2016-10-23
0.21818485851981803,0.7818151414801819,2016-10-24
0.19613385319396018,0.8038661468060398,2016-10-25
0.25046464727953727,0.7495353527204627,2016-10-26
0.2363194515649262,0.7636805484350738,2016-10-27
0.2433392800004765,0.7566607199995234,2016-10-28
0.21456311823889904,0.7854368817611009,2016-10-29
0.2338734943366848,0.7661265056633152,2016-10-30
0.21895893270193312,0.7810410672980669,2016-10-31
0.1897469825470557,0.8102530174529443,2016-11-01
0.16991876834959083,0.8300812316504091,2016-11-02
0.22787669823868384,0.7721233017613162,2016-11-03
0.3961044588311474,0.6038955411688526,2016-11-04
0.3913804102584354,0.6086195897415646,2016-11-05
0.3256320217469398,0.6743679782530603,2016-11-06
0.41029456572946843,0.5897054342705316,2016-11-07
0.3970887910269033,0.6029112089730967,2016-11-08
0.30482629835268327,0.6951737016473167,2016-11-09
0.28481051995531936,0.7151894800446806,2016-11-10
0.22568641958671576,0.7743135804132842,2016-11-11
0.3525988656953335,0.6474011343046665,2016-11-12
0.41441091645126926,0.5855890835487307,2016-11-13
0.32897002421939386,0.6710299757806062,2016-11-14
0.20430097746240597,0.7956990225375941,2016-11-15
0.20562823589336426,0.7943717641066357,2016-11-16
0.267307484857365,0.732692515142635,2016-11-17
0.35076731266444516,0.6492326873355548,2016-11-18
0.49855983464269343,0.5014401653573066,2016-11-19
0.41289567115182213,0.5871043288481779,2016-11-20
0.1887467957469854,0.8112532042530146,2016-11-21
0.3027556896602489,0.6972443103397511,2016-11-22
0.2823359155410305,0.7176640844589695,2016-11-23
0.2854405605807952,0.7145594394192047,2016-11-24
0.3557231804818365,0.6442768195181635,2016-11-25
0.3034006116546673,0.6965993883453327,2016-11-26
0.2284394096213929,0.7715605903786071,2016-11-27
0.24364372472432325,0.7563562752756767,2016-11-28
0.36948496090054134,0.6305150390994587,2016-11-29
0.2325499094444634,0.7674500905555366,2016-11-30
0.20363822688320166,0.7963617731167983,2016-12-01
0.3087138618578831,0.6912861381421169,2016-12-02
0.38683376474196535,0.6131662352580347,2016-12-03
0.27687451305126254,0.7231254869487375,2016-12-04
0.20742485044422965,0.7925751495557704,2016-12-05
0.2311770723891402,0.7688229276108598,2016-12-06
0.31223456046839293,0.6877654395316071,2016-12-07
0.335564168414917,0.664435831585083,2016-12-08
0.28217890812056984,0.7178210918794301,2016-12-09
0.2406855728845066,0.7593144271154935,2016-12-10
0.2000195377992649,0.7999804622007352,2016-12-11
0.1956163214321236,0.8043836785678764,2016-12-12
0.22588429894762643,0.7741157010523736,2016-12-13
0.22859228220821104,0.771407717791789,2016-12-14
0.2815891839366153,0.7184108160633846,2016-12-15
0.39700329313362154,0.6029967068663784,2016-12-16
0.3622748075220665,0.6377251924779335,2016-12-17
0.33316072678047803,0.666839273219522,2016-12-18
0.3083416908243393,0.6916583091756607,2016-12-19
0.2799833468520886,0.7200166531479114,2016-12-20
0.20789734621379366,0.7921026537862064,2016-12-21
0.21415605818634392,0.785843941813656,2016-12-22
0.24605694985857446,0.7539430501414255,2016-12-23
0.22522262935855458,0.7747773706414454,2016-12-24
0.22103022091183777,0.7789697790881622,2016-12-25
0.22047269985534437,0.7795273001446557,2016-12-26
0.23884421247479115,0.7611557875252088,2016-12-27
0.230609564605155,0.769390435394845,2016-12-28
0.20231530530165978,0.7976846946983402,2016-12-29
0.20111394138835306,0.798886058611647,2016-12-30
0.2609231698297916,0.7390768301702084,2017-01-01
0.24842437591933011,0.7515756240806699,2017-01-02
0.29464497722425564,0.7053550227757444,2017-01-03
0.3179933626829295,0.6820066373170706,2017-01-04
0.26466419089648735,0.7353358091035127,2017-01-05
0.2657491837860841,0.7342508162139159,2017-01-06
0.2994630930348594,0.7005369069651406,2017-01-07
0.30830692714477137,0.6916930728552286,2017-01-08
0.40359158805363926,0.5964084119463607,2017-01-09
0.33883153912972247,0.6611684608702775,2017-01-10
0.3368024699704367,0.6631975300295633,2017-01-11
0.38050077110512204,0.619499228894878,2017-01-12
0.36342709869783496,0.636572901302165,2017-01-13
0.381072242127445,0.6189277578725549,2017-01-14
0.425604504333228,0.5743954956667721,2017-01-15
0.4449065544959424,0.5550934455040576,2017-01-16
0.36752062587728623,0.6324793741227137,2017-01-17
0.327062029111263,0.6729379708887371,2017-01-18
0.27185906995552234,0.7281409300444777,2017-01-19
0.26925007199683376,0.7307499280031662,2017-01-20
0.320063781088517,0.679936218911483,2017-01-21
0.3161474130475184,0.6838525869524816,2017-01-22
0.3271045142089073,0.6728954857910927,2017-01-23
0.27906535739396915,0.7209346426060308,2017-01-24
0.30500055181364505,0.694999448186355,2017-01-25
0.3598676593194034,0.6401323406805965,2017-01-26
0.3743690742287896,0.6256309257712104,2017-01-27
0.3137818186856224,0.6862181813143776,2017-01-28
0.30534555515481626,0.6946544448451837,2017-01-29
0.2716243632660507,0.7283756367339493,2017-01-30
0.3146777221918192,0.6853222778081808,2017-01-31
0.4553464606835471,0.5446535393164529,2017-02-01
0.4705033942961809,0.5294966057038191,2017-02-02
0.5148302686228933,0.4851697313771067,2017-02-03
0.5701690424730216,0.4298309575269784,2017-02-04
0.4899697150096417,0.5100302849903583,2017-02-05
0.41069964934991104,0.5893003506500889,2017-02-06
0.43524759254699424,0.5647524074530057,2017-02-07
0.333700952424252,0.666299047575748,2017-02-08
0.3239507781720674,0.6760492218279326,2017-02-09
0.39955749047577793,0.6004425095242221,2017-02-10
0.5374223949932039,0.4625776050067961,2017-02-11
0.44394650556703796,0.556053494432962,2017-02-12
0.32810892663609026,0.6718910733639097,2017-02-13
0.3181783697365428,0.6818216302634572,2017-02-14
0.27713812809914234,0.7228618719008577,2017-02-15
0.2422734499336788,0.7577265500663212,2017-02-16
0.23197691242719576,0.7680230875728042,2017-02-17
0.3671102628207063,0.6328897371792936,2017-02-18
0.34728395144955354,0.6527160485504464,2017-02-19
0.3457828792541186,0.6542171207458813,2017-02-20
0.2832261783059173,0.7167738216940827,2017-02-21
0.26147859849186916,0.7385214015081308,2017-02-22
0.3810128775959542,0.6189871224040457,2017-02-23
0.31638468102420003,0.6836153189758,2017-02-24
0.2969834153532929,0.7030165846467071,2017-02-25
0.4759977731479958,0.5240022268520041,2017-02-26
0.5240839041014835,0.47591609589851647,2017-02-27
0.39476075889351975,0.6052392411064802,2017-02-28
0.3579024561000412,0.6420975438999588,2017-03-01
0.5185560534702746,0.48144394652972544,2017-03-02
0.5140392851812864,0.4859607148187136,2017-03-03
0.49519253565833077,0.5048074643416692,2017-03-04
0.5323678308963466,0.46763216910365335,2017-03-05
0.4865045547493168,0.5134954452506832,2017-03-06
0.36741541924412663,0.6325845807558734,2017-03-07
0.3629581728622568,0.6370418271377432,2017-03-08
0.35940805263282427,0.6405919473671757,2017-03-09
0.40316048095598495,0.596839519044015,2017-03-10
0.5135975914643607,0.4864024085356393,2017-03-11
0.545693782271477,0.454306217728523,2017-03-12
0.5236136401903154,0.4763863598096846,2017-03-13
0.47468803360189377,0.5253119663981063,2017-03-14
0.45134163592823145,0.5486583640717686,2017-03-15
0.41147340783939473,0.5885265921606053,2017-03-16
0.3928073878703681,0.6071926121296318,2017-03-17
0.35528330855250123,0.6447166914474988,2017-03-18
0.36762702908307826,0.6323729709169217,2017-03-19
0.45108418478473594,0.548915815215264,2017-03-20
0.4941843501252577,0.5058156498747424,2017-03-21
0.4088514903949031,0.5911485096050969,2017-03-22
0.3345609199200398,0.6654390800799602,2017-03-23
0.42923256332217136,0.5707674366778286,2017-03-24
0.4671318568866247,0.5328681431133753,2017-03-25
0.41962433174459446,0.5803756682554055,2017-03-26
0.3422379765771735,0.6577620234228265,2017-03-27
0.36193377126214876,0.6380662287378512,2017-03-28
0.43400802393368254,0.5659919760663175,2017-03-29
0.468346927683162,0.531653072316838,2017-03-30
0.5308946544405212,0.4691053455594788,2017-03-31
0.4548658925822417,0.5451341074177583,2017-04-01
0.3759543957726185,0.6240456042273814,2017-04-02
0.4434320039981623,0.5565679960018377,2017-04-03
0.49981506539367876,0.5001849346063212,2017-04-04
0.5046884764285903,0.49531152357140973,2017-04-05
0.401832345704038,0.598167654295962,2017-04-06
0.38893659137274716,0.6110634086272528,2017-04-07
0.40404694262751684,0.5959530573724832,2017-04-08
0.3811639038785437,0.6188360961214563,2017-04-09
0.3988279196737784,0.6011720803262216,2017-04-10
0.34235142546324054,0.6576485745367595,2017-04-11
0.3273743219643773,0.6726256780356227,2017-04-12
0.33999382809626777,0.6600061719037322,2017-04-13
0.404952195094769,0.595047804905231,2017-04-14
0.3876307706813379,0.6123692293186621,2017-04-15
0.3327949512912489,0.6672050487087511,2017-04-16
0.4612911779511735,0.5387088220488265,2017-04-17
0.5471248789329881,0.4528751210670119,2017-04-18
0.5073886072783749,0.49261139272162513,2017-04-19
0.46224681951162266,0.5377531804883773,2017-04-20
0.3738559676140418,0.6261440323859582,2017-04-21
0.30204004849237226,0.6979599515076278,2017-04-22
0.30068357381950805,0.699316426180492,2017-04-23
0.3643049124136627,0.6356950875863373,2017-04-24
0.4365558326668716,0.5634441673331284,2017-04-25
0.4402529327642335,0.5597470672357665,2017-04-26
0.4262653236522017,0.5737346763477983,2017-04-27
0.39035404004055047,0.6096459599594495,2017-04-28
0.5244831313526981,0.4755168686473019,2017-04-29
0.3986020125649995,0.6013979874350005,2017-04-30
0.2997109581904617,0.7002890418095383,2017-05-01
0.3322643458906317,0.6677356541093683,2017-05-02
0.3314666012025336,0.6685333987974664,2017-05-03
0.45861345752569244,0.5413865424743076,2017-05-04
0.4497126562822424,0.5502873437177576,2017-05-05
0.35144348571014633,0.6485565142898537,2017-05-06
0.3745230763510399,0.6254769236489601,2017-05-07
0.3606279244109458,0.6393720755890542,2017-05-08
0.3706168674341278,0.6293831325658722,2017-05-09
0.5303838008657452,0.4696161991342548,2017-05-10
0.4932075795081571,0.5067924204918429,2017-05-11
0.44402243280257253,0.5559775671974274,2017-05-12
0.3795264216541264,0.6204735783458736,2017-05-13
0.3281692740390601,0.67183072596094,2017-05-14
0.3224121513306252,0.6775878486693748,2017-05-15
0.35670217448820946,0.6432978255117905,2017-05-16
0.43959254638864975,0.5604074536113502,2017-05-17
0.37180053744786573,0.6281994625521343,2017-05-18
0.3643540437250483,0.6356459562749517,2017-05-19
0.4276257573529504,0.5723742426470496,2017-05-20
0.35005554003872036,0.6499444599612796,2017-05-21
0.4105052820680322,0.5894947179319678,2017-05-22
0.3628861471350621,0.6371138528649378,2017-05-23
0.3205743328438018,0.6794256671561982,2017-05-24
0.3067708178843633,0.6932291821156367,2017-05-25
0.39996659119377326,0.6000334088062267,2017-05-26
0.41650732417099523,0.5834926758290048,2017-05-27
0.30350106649925596,0.6964989335007441,2017-05-28
0.28325789513132904,0.716742104868671,2017-05-29
0.30116834405322673,0.6988316559467733,2017-05-30
0.29722949467568577,0.7027705053243143,2017-05-31
0.30219230085687937,0.6978076991431206,2017-06-01
0.3622946386678216,0.6377053613321784,2017-06-02
0.3974090500977758,0.6025909499022242,2017-06-03
0.4133814291532793,0.5866185708467206,2017-06-04
0.3497847846016159,0.6502152153983841,2017-06-05
0.3075922561772535,0.6924077438227465,2017-06-06
0.3551532576377091,0.6448467423622909,2017-06-07
0.2593058120221053,0.7406941879778948,2017-06-08
0.2921017363203068,0.7078982636796932,2017-06-09
0.35858774077691963,0.6414122592230804,2017-06-10
0.38100045323487886,0.6189995467651211,2017-06-11
0.3266680551204804,0.6733319448795196,2017-06-12
0.26199206157907956,0.7380079384209204,2017-06-13
0.27573696495834654,0.7242630350416535,2017-06-14
0.32046498748155966,0.6795350125184403,2017-06-15
0.3284659319012947,0.6715340680987053,2017-06-16
0.3158881433117103,0.6841118566882898,2017-06-17
0.31133962335430126,0.6886603766456987,2017-06-18
0.25626262594713084,0.7437373740528692,2017-06-19
0.21563482662910907,0.784365173370891,2017-06-20
0.21266044638945486,0.7873395536105452,2017-06-21
0.24462841601570398,0.755371583984296,2017-06-22
0.2694532468091308,0.7305467531908691,2017-06-23
0.2716037313378897,0.7283962686621104,2017-06-24
0.2693836973813114,0.7306163026186886,2017-06-25
0.3759439787025141,0.6240560212974859,2017-06-26
0.5451560689496681,0.45484393105033194,2017-06-27
0.49133941101203205,0.508660588987968,2017-06-28
0.43507023774849396,0.564929762251506,2017-06-29
0.39193972311651676,0.6080602768834833,2017-06-30
0.44375653611376864,0.5562434638862314,2017-07-01
0.3488315045338865,0.6511684954661134,2017-07-02
0.3321237102668545,0.6678762897331455,2017-07-03
0.30516902171911353,0.6948309782808865,2017-07-04
0.27457564976241233,0.7254243502375877,2017-07-05
0.2822761326184933,0.7177238673815067,2017-07-06
0.29564715546996384,0.7043528445300362,2017-07-07
0.2706484354879484,0.7293515645120516,2017-07-08
0.273211257916785,0.726788742083215,2017-07-09
0.22499452218224675,0.7750054778177533,2017-07-10
0.23405728763224137,0.7659427123677587,2017-07-11
0.25345654466110934,0.7465434553388907,2017-07-12
0.33283103652444146,0.6671689634755585,2017-07-13
0.3790263518679505,0.6209736481320496,2017-07-14
0.36245503597372297,0.637544964026277,2017-07-15
0.3236687846227862,0.6763312153772139,2017-07-16
0.35575030100891497,0.6442496989910851,2017-07-17
0.31523175768084233,0.6847682423191577,2017-07-18
0.2818521203938019,0.7181478796061981,2017-07-19
0.27287558542537715,0.7271244145746228,2017-07-20
0.2923080493528009,0.707691950647199,2017-07-21
0.3145494433335167,0.6854505566664832,2017-07-22
0.3652629565747097,0.6347370434252904,2017-07-23
0.37795712317054214,0.6220428768294579,2017-07-24
0.2706093925272197,0.7293906074727803,2017-07-25
0.24317748449144427,0.7568225155085557,2017-07-26
0.24441963214055826,0.7555803678594417,2017-07-27
0.3260219407192792,0.6739780592807207,2017-07-28
0.3187171398119956,0.6812828601880043,2017-07-29
0.2872956085499568,0.7127043914500433,2017-07-30
0.21381248629058883,0.7861875137094112,2017-07-31
0.2409041346948449,0.7590958653051552,2017-08-01
0.23664223087591657,0.7633577691240834,2017-08-02
0.2441247251122057,0.7558752748877943,2017-08-03
0.353454491338975,0.646545508661025,2017-08-04
0.4396106203476388,0.5603893796523611,2017-08-05
0.32751874754104576,0.6724812524589543,2017-08-06
0.3582219622619438,0.6417780377380562,2017-08-07
0.37803928330312747,0.6219607166968726,2017-08-08
0.43303362593923567,0.5669663740607643,2017-08-09
0.38952228264045524,0.6104777173595448,2017-08-10
0.3639175966028585,0.6360824033971415,2017-08-11
0.3810282269759135,0.6189717730240865,2017-08-12
0.37275648769696973,0.6272435123030302,2017-08-13
0.3000883991679112,0.6999116008320888,2017-08-14
0.24461208155050673,0.7553879184494933,2017-08-15
0.2551408918778469,0.7448591081221532,2017-08-16
0.30055386484586377,0.6994461351541362,2017-08-17
0.3966307083402535,0.6033692916597465,2017-08-18
0.42863356017406684,0.5713664398259332,2017-08-19
0.2999121923210338,0.7000878076789663,2017-08-20
0.2742010372758948,0.7257989627241053,2017-08-21
0.2547089974579011,0.7452910025420989,2017-08-22
0.2924951288934865,0.7075048711065135,2017-08-23
0.25901222266099044,0.7409877773390096,2017-08-24
0.2806267656742022,0.7193732343257978,2017-08-25
0.3008407310081179,0.6991592689918821,2017-08-26
0.23762572295614953,0.7623742770438504,2017-08-27
0.19881226690976966,0.8011877330902304,2017-08-28
0.2183398787102851,0.781660121289715,2017-08-29
0.30022729860283404,0.699772701397166,2017-08-30
0.3779670636108817,0.6220329363891183,2017-08-31
0.3894166807800285,0.6105833192199714,2017-09-01
0.2962180976448763,0.7037819023551237,2017-09-02
0.2614791035103134,0.7385208964896866,2017-09-03
0.24427469554653472,0.7557253044534653,2017-09-04
0.36130208800072966,0.6386979119992704,2017-09-05
0.31939597373266565,0.6806040262673343,2017-09-06
0.2594142484341712,0.7405857515658287,2017-09-07
0.45316198770241345,0.5468380122975866,2017-09-08
0.4604597341361446,0.5395402658638554,2017-09-09
0.40768275461382597,0.592317245386174,2017-09-10
0.301601691769892,0.698398308230108,2017-09-11
0.28970528327096445,0.7102947167290355,2017-09-12
0.3518908223669439,0.6481091776330561,2017-09-13
0.3821209438995211,0.6178790561004789,2017-09-14
0.32496271471575444,0.6750372852842456,2017-09-15
0.281994466596797,0.718005533403203,2017-09-16
0.3409676592557751,0.6590323407442249,2017-09-17
0.28218771664295467,0.7178122833570453,2017-09-18
0.21765726254486856,0.7823427374551315,2017-09-19
0.23327320905565022,0.7667267909443498,2017-09-20
0.290633875575911,0.709366124424089,2017-09-21
0.28546703412266033,0.7145329658773396,2017-09-22
0.27791071264594036,0.7220892873540596,2017-09-23
0.2875223672533182,0.7124776327466817,2017-09-24
0.2130388702041116,0.7869611297958884,2017-09-25
0.2032018071550247,0.7967981928449753,2017-09-26
0.2190453410167993,0.7809546589832007,2017-09-27
0.20092470644991836,0.7990752935500817,2017-09-28
0.18748473849709085,0.8125152615029092,2017-09-29
0.23697402014746055,0.7630259798525394,2017-09-30
0.25972183649533714,0.7402781635046629,2017-10-01
0.23103686096898912,0.7689631390310109,2017-10-02
0.2250389798466739,0.7749610201533261,2017-10-03
0.24664182879683624,0.7533581712031637,2017-10-04
0.35134551288458576,0.6486544871154143,2017-10-05
0.3091152272377778,0.6908847727622223,2017-10-06
0.2573928533335999,0.7426071466664002,2017-10-07
0.182419671014059,0.817580328985941,2017-10-08
0.14055683671420036,0.8594431632857996,2017-10-09
0.18461857571264723,0.8153814242873527,2017-10-10
0.188048638522681,0.8119513614773191,2017-10-11
0.18484007631318672,0.8151599236868132,2017-10-12
0.22383243286695761,0.7761675671330424,2017-10-13
0.37125163556428825,0.6287483644357117,2017-10-14
0.3149285780925893,0.6850714219074108,2017-10-15
0.29241672337658775,0.7075832766234122,2017-10-16
0.24609033159058982,0.7539096684094102,2017-10-17
0.2620694682534029,0.7379305317465972,2017-10-18
0.31679134771936523,0.6832086522806348,2017-10-19
0.32453913887901964,0.6754608611209804,2017-10-20
0.2865717691963627,0.7134282308036373,2017-10-21
0.2180394402750326,0.7819605597249674,2017-10-22
0.22608763966405895,0.773912360335941,2017-10-23
0.2188624985318045,0.7811375014681955,2017-10-24
0.2178280829549447,0.7821719170450553,2017-10-25
0.30996213000120865,0.6900378699987914,2017-10-26
0.43934364080753385,0.5606563591924661,2017-10-27
0.4135269149560637,0.5864730850439364,2017-10-28
0.37911990341538887,0.6208800965846111,2017-10-29
0.2577624051643282,0.7422375948356719,2017-10-30
0.3378128902945391,0.6621871097054609,2017-10-31
0.21902969475690484,0.7809703052430952,2017-11-01
0.18864423650326867,0.8113557634967313,2017-11-02
0.25587075265923565,0.7441292473407644,2017-11-03
0.4742544731092035,0.5257455268907965,2017-11-04
0.3670849000276051,0.6329150999723949,2017-11-05
0.31686090734950884,0.6831390926504912,2017-11-06
0.31629736648156553,0.6837026335184344,2017-11-07
0.35079347574682085,0.6492065242531792,2017-11-08
0.3385226005469625,0.6614773994530375,2017-11-09
0.34642686895010566,0.6535731310498943,2017-11-10
0.3890943619411077,0.6109056380588923,2017-11-11
0.4422340515573867,0.5577659484426133,2017-11-12
0.3308962036627582,0.6691037963372418,2017-11-13
0.17505303107228862,0.8249469689277114,2017-11-14
0.14019257734537785,0.8598074226546222,2017-11-15
0.18040255754248466,0.8195974424575153,2017-11-16
0.24679858891653805,0.753201411083462,2017-11-17
0.20425649733280368,0.7957435026671963,2017-11-18
0.1516284147534007,0.8483715852465993,2017-11-19
0.1764691808240994,0.8235308191759005,2017-11-20
0.2850248316745143,0.7149751683254857,2017-11-21
0.3072751094562812,0.6927248905437188,2017-11-22
0.24814261406741572,0.7518573859325843,2017-11-23
0.3434717676588747,0.6565282323411252,2017-11-24
0.31000281618734055,0.6899971838126595,2017-11-25
0.16024720869759096,0.839752791302409,2017-11-26
0.17165967248463088,0.8283403275153691,2017-11-27
0.24545894354703127,0.7545410564529688,2017-11-28
0.26036930061765373,0.7396306993823463,2017-11-29
0.36493744176459986,0.6350625582354001,2017-11-30
0.39470602356778145,0.6052939764322185,2017-12-01
0.3311233135647132,0.6688766864352869,2017-12-02
0.209461956700436,0.790538043299564,2017-12-03
0.16284802771671095,0.8371519722832891,2017-12-04
0.18682927265550534,0.8131707273444947,2017-12-05
0.22833210899973605,0.7716678910002639,2017-12-06
0.27803077998642134,0.7219692200135787,2017-12-07
0.3243875071361457,0.6756124928638543,2017-12-08
0.48750900856291707,0.512490991437083,2017-12-09
0.40753074367390946,0.5924692563260905,2017-12-10
0.2672782951531529,0.7327217048468471,2017-12-11
0.3222116897068005,0.6777883102931995,2017-12-12
0.3782197861225859,0.6217802138774141,2017-12-13
0.37744386413641046,0.6225561358635896,2017-12-14
0.33921339552461494,0.6607866044753851,2017-12-15
0.30369390424099624,0.6963060957590037,2017-12-16
0.2880654698102801,0.71193453018972,2017-12-17
0.2868020531396964,0.7131979468603036,2017-12-18
0.25691261741430416,0.7430873825856958,2017-12-19
0.2533068507931801,0.7466931492068198,2017-12-20
0.3296296948831125,0.6703703051168874,2017-12-21
0.313423831325833,0.6865761686741669,2017-12-22
0.26810241445091165,0.7318975855490883,2017-12-23
0.36938520365536354,0.6306147963446365,2017-12-24
0.47129481105992055,0.5287051889400795,2017-12-25
0.5415657815167254,0.4584342184832746,2017-12-26
0.5204815435622197,0.47951845643778035,2017-12-27
0.4936511789742162,0.5063488210257838,2017-12-28
0.49360472888106355,0.5063952711189365,2017-12-29
0.5301067927240825,0.46989320727591755,2017-12-30
0.539470638893795,0.460529361106205,2018-01-01
0.5203172007572057,0.47968279924279433,2018-01-02
0.5476527452897432,0.45234725471025683,2018-01-03
0.49263501757514794,0.5073649824248521,2018-01-04
0.41040779266337074,0.5895922073366293,2018-01-05
0.3642869206658135,0.6357130793341865,2018-01-06
0.21800396818145396,0.781996031818546,2018-01-07
0.34725086717224735,0.6527491328277526,2018-01-08
0.4352344665236923,0.5647655334763078,2018-01-09
0.465387354486566,0.534612645513434,2018-01-10
0.33597832986141724,0.6640216701385828,2018-01-11
0.2995128556663214,0.7004871443336786,2018-01-12
0.2886037396153039,0.7113962603846962,2018-01-13
0.31692450259166305,0.683075497408337,2018-01-14
0.43997582028505927,0.5600241797149408,2018-01-15
0.38033723239156464,0.6196627676084354,2018-01-16
0.27732968035434924,0.7226703196456508,2018-01-17
0.30634316312458826,0.6936568368754117,2018-01-18
0.4655198295118829,0.534480170488117,2018-01-19
0.48483182579444506,0.5151681742055549,2018-01-20
0.38159940510426626,0.6184005948957337,2018-01-21
0.26992210355715984,0.7300778964428402,2018-01-22
0.2928710357135193,0.7071289642864806,2018-01-23
0.3378036288998452,0.6621963711001548,2018-01-24
0.5034619679984091,0.49653803200159086,2018-01-25
0.46820205878985205,0.5317979412101479,2018-01-26
0.44632808888181064,0.5536719111181894,2018-01-27
0.3011032924049858,0.6988967075950142,2018-01-28
0.2648994122529982,0.7351005877470018,2018-01-29
0.256329241417322,0.7436707585826781,2018-01-30
0.3712012096750449,0.6287987903249551,2018-01-31
0.447737173537605,0.552262826462395,2018-02-01
0.4557335139449172,0.5442664860550828,2018-02-02
0.34224960827311235,0.6577503917268877,2018-02-03
0.348088876404716,0.651911123595284,2018-02-04
0.3868584552019191,0.6131415447980809,2018-02-05
0.3769262892255978,0.6230737107744022,2018-02-06
0.3118369602225688,0.6881630397774312,2018-02-07
0.3097745513763404,0.6902254486236596,2018-02-08
0.42105566096786806,0.5789443390321319,2018-02-09
0.4587294440028901,0.5412705559971098,2018-02-10
0.3740226869976785,0.6259773130023215,2018-02-11
0.4326784360281317,0.5673215639718683,2018-02-12
0.4928334900580634,0.5071665099419367,2018-02-13
0.3713329657977393,0.6286670342022607,2018-02-14
0.2611741538826524,0.7388258461173476,2018-02-15
0.402608445320974,0.597391554679026,2018-02-16
0.420926242531624,0.579073757468376,2018-02-17
0.37579494724947216,0.6242050527505278,2018-02-18
0.5007543777988116,0.4992456222011884,2018-02-19
0.5128583632528333,0.4871416367471667,2018-02-20
0.4526873524938492,0.5473126475061507,2018-02-21
0.3349977379783868,0.6650022620216132,2018-02-22
0.268103589545584,0.731896410454416,2018-02-23
0.3025006456208754,0.6974993543791246,2018-02-24
0.37904534942764,0.62095465057236,2018-02-25
0.3641811809510296,0.6358188190489704,2018-02-26
0.421925908251764,0.578074091748236,2018-02-27
0.5079068350139735,0.4920931649860265,2018-02-28
0.5036925575187434,0.4963074424812566,2018-03-01
0.5697512422656238,0.4302487577343762,2018-03-02
0.5295070733772108,0.4704929266227892,2018-03-03
0.5115405683647319,0.48845943163526806,2018-03-04
0.5359720469311376,0.46402795306886235,2018-03-05
0.4534428228921983,0.5465571771078017,2018-03-06
0.4945707934740538,0.5054292065259463,2018-03-07
0.5571905833056201,0.4428094166943799,2018-03-08
0.6224794203698348,0.37752057963016517,2018-03-09
0.6773128991312618,0.3226871008687382,2018-03-10
0.6218913961844744,0.3781086038155256,2018-03-11
0.5148863203117899,0.48511367968821006,2018-03-12
0.5968605307790438,0.4031394692209562,2018-03-13
0.608602200627185,0.39139779937281505,2018-03-14
0.5526219122498598,0.4473780877501402,2018-03-15
0.5579131124897608,0.44208688751023917,2018-03-16
0.5599319936598964,0.44006800634010357,2018-03-17
0.6011495367880022,0.3988504632119978,2018-03-18
0.6312981663129202,0.36870183368707976,2018-03-19
0.6119950400206694,0.3880049599793306,2018-03-20
0.5490449670351791,0.45095503296482087,2018-03-21
0.5904479734336289,0.40955202656637113,2018-03-22
0.6538293103350975,0.3461706896649025,2018-03-23
0.5548212148817612,0.44517878511823883,2018-03-24
0.55679628081323,0.44320371918677004,2018-03-25
0.5671597291852596,0.4328402708147404,2018-03-26
0.5596785783514632,0.4403214216485368,2018-03-27
0.5584854948867147,0.44151450511328527,2018-03-28
0.6209706362908068,0.37902936370919316,2018-03-29
0.6149073077649055,0.38509269223509446,2018-03-30
0.5278406572119242,0.4721593427880758,2018-03-31
0.5693696849794773,0.43063031502052274,2018-04-01
0.5941760020858791,0.40582399791412094,2018-04-02
0.6068310220742277,0.3931689779257723,2018-04-03
0.5095528255976419,0.4904471744023581,2018-04-04
0.5639885903867645,0.4360114096132355,2018-04-05
0.5054193416870639,0.4945806583129361,2018-04-06
0.5303411372761458,0.46965886272385415,2018-04-07
0.5148054107880895,0.4851945892119105,2018-04-08
0.5582873707579274,0.44171262924207255,2018-04-09
0.6173210598217558,0.3826789401782442,2018-04-10
0.5150195953913796,0.48498040460862035,2018-04-11
0.4239798237595165,0.5760201762404835,2018-04-12
0.47661411766841316,0.5233858823315869,2018-04-13
0.5321320531568808,0.46786794684311916,2018-04-14
0.5417008144414653,0.45829918555853466,2018-04-15
0.4680275603459876,0.5319724396540124,2018-04-16
0.5152222032777131,0.48477779672228694,2018-04-17
0.5648732001105481,0.4351267998894519,2018-04-18
0.5800685618551924,0.4199314381448076,2018-04-19
0.5392469298729998,0.4607530701270002,2018-04-20
0.5059775961509414,0.4940224038490586,2018-04-21
0.4761451430779961,0.5238548569220038,2018-04-22
0.5015774227958933,0.49842257720410665,2018-04-23
0.5151451729910764,0.4848548270089236,2018-04-24
0.5124921717882709,0.4875078282117291,2018-04-25
0.5149676500895601,0.48503234991043986,2018-04-26
0.5147076874824348,0.4852923125175652,2018-04-27
0.5523611784875958,0.4476388215124042,2018-04-28
0.4955932777186373,0.5044067222813626,2018-04-29
0.479153088942921,0.520846911057079,2018-04-30
0.5422143426766487,0.4577856573233513,2018-05-01
0.5966427250070451,0.40335727499295493,2018-05-02
0.6051327761704688,0.3948672238295312,2018-05-03
0.5322479386011695,0.4677520613988305,2018-05-04
0.46620258305769957,0.5337974169423004,2018-05-05
0.41555578636536467,0.5844442136346353,2018-05-06
0.4491581892685002,0.5508418107314998,2018-05-07
0.4703547268861031,0.529645273113897,2018-05-08
0.49337034169085847,0.5066296583091415,2018-05-09
0.43618107290090463,0.5638189270990954,2018-05-10
0.5605022134155164,0.4394977865844836,2018-05-11
0.5478160627384017,0.45218393726159833,2018-05-12
0.4970825235138583,0.5029174764861417,2018-05-13
0.5112263077389803,0.48877369226101974,2018-05-14
0.5188189757447991,0.48118102425520093,2018-05-15
0.48960459267911005,0.51039540732089,2018-05-16
0.4519805402515004,0.5480194597484995,2018-05-17
0.4330639614666891,0.5669360385333109,2018-05-18
0.36910058096572046,0.6308994190342796,2018-05-19
0.3351496306907933,0.6648503693092067,2018-05-20
0.3267346214586595,0.6732653785413405,2018-05-21
0.3277176266226993,0.6722823733773007,2018-05-22
0.3582754279706358,0.6417245720293643,2018-05-23
0.3683231392570173,0.6316768607429827,2018-05-24
0.32744775846246943,0.6725522415375306,2018-05-25
0.33487785999516345,0.6651221400048366,2018-05-26
0.35915887463072027,0.6408411253692797,2018-05-27
0.32193153081159115,0.6780684691884089,2018-05-28
0.3201252755931652,0.6798747244068348,2018-05-29
0.3353044239915509,0.6646955760084491,2018-05-30
0.35446681566259347,0.6455331843374066,2018-05-31
0.36854801576338175,0.6314519842366182,2018-06-01
0.41515910686001867,0.5848408931399813,2018-06-02
0.4093775482615589,0.5906224517384411,2018-06-03
0.3645736916286453,0.6354263083713547,2018-06-04
0.34210436522339555,0.6578956347766045,2018-06-05
0.3502385809726859,0.6497614190273141,2018-06-06
0.34795897321654945,0.6520410267834506,2018-06-07
0.4099899866741885,0.5900100133258115,2018-06-08
0.40178458356858804,0.598215416431412,2018-06-09
0.41839675915100577,0.5816032408489942,2018-06-10
0.5163992240484643,0.4836007759515357,2018-06-11
0.5424004841366526,0.45759951586334735,2018-06-12
0.5015644222383532,0.4984355777616468,2018-06-13
0.4929951786022322,0.5070048213977678,2018-06-14
0.4978239986648178,0.5021760013351821,2018-06-15
0.5316217033863048,0.46837829661369523,2018-06-16
0.5534235034235038,0.44657649657649623,2018-06-17
0.5287139744187394,0.47128602558126065,2018-06-18
0.45053151101670014,0.5494684889832999,2018-06-19
0.4593458104207325,0.5406541895792675,2018-06-20
0.48512495193064376,0.5148750480693562,2018-06-21
0.46735765076694114,0.5326423492330589,2018-06-22
0.4042084683199098,0.5957915316800901,2018-06-23
0.37914820167716534,0.6208517983228347,2018-06-24
0.351358064967601,0.648641935032399,2018-06-25
0.349702840668687,0.6502971593313129,2018-06-26
0.3468977615425935,0.6531022384574066,2018-06-27
0.3769218127214992,0.6230781872785007,2018-06-28
0.3945071098255739,0.6054928901744261,2018-06-29
0.3795802350173575,0.6204197649826425,2018-06-30
0.3666296029477205,0.6333703970522795,2018-07-01
0.371144217771057,0.628855782228943,2018-07-02
0.4074647947031462,0.5925352052968538,2018-07-03
0.4095609523478308,0.5904390476521693,2018-07-04
0.37954590185348924,0.6204540981465108,2018-07-05
0.38288590378210935,0.6171140962178907,2018-07-06
0.3895759496755129,0.6104240503244871,2018-07-07
0.3995237639264228,0.6004762360735771,2018-07-08
0.38825077551041925,0.6117492244895808,2018-07-09
0.40370354202878117,0.5962964579712189,2018-07-10
0.34441829708288624,0.6555817029171138,2018-07-11
0.377199779467352,0.6228002205326479,2018-07-12
0.33934427196697176,0.6606557280330283,2018-07-13
0.36018426043549945,0.6398157395645006,2018-07-14
0.4293241039203224,0.5706758960796776,2018-07-15
0.3771992524052995,0.6228007475947005,2018-07-16
0.40132602271685824,0.5986739772831418,2018-07-17
0.3787748325511514,0.6212251674488486,2018-07-18
0.41155060706844593,0.5884493929315541,2018-07-19
0.3755125699415116,0.6244874300584884,2018-07-20
0.37299334589684335,0.6270066541031567,2018-07-21
0.35671112490567736,0.6432888750943226,2018-07-22
0.3286445887919724,0.6713554112080276,2018-07-23
0.3379193692010814,0.6620806307989187,2018-07-24
0.3150601492983137,0.6849398507016863,2018-07-25
0.34981366765189376,0.6501863323481063,2018-07-26
0.39110410025732895,0.608895899742671,2018-07-27
0.41521470353331796,0.584785296466682,2018-07-28
0.3360644349484844,0.6639355650515155,2018-07-29
0.2945865887223484,0.7054134112776516,2018-07-30
0.35165052211071446,0.6483494778892855,2018-07-31
0.3178369205829808,0.6821630794170193,2018-08-01
0.299294599630107,0.7007054003698929,2018-08-02
0.3365648658643292,0.6634351341356708,2018-08-03
0.32765134944642965,0.6723486505535703,2018-08-04
0.27383341807240263,0.7261665819275973,2018-08-05
0.3061053352456097,0.6938946647543903,2018-08-06
0.3199014796020673,0.6800985203979327,2018-08-07
0.3708611052409217,0.6291388947590784,2018-08-08
0.3336378462633262,0.6663621537366737,2018-08-09
0.33452075107715545,0.6654792489228445,2018-08-10
0.34440349188038555,0.6555965081196145,2018-08-11
0.3000516531869613,0.6999483468130387,2018-08-12
0.40344041720832374,0.5965595827916763,2018-08-13
0.3709498459204289,0.6290501540795711,2018-08-14
0.3201171853554096,0.6798828146445903,2018-08-15
0.42686914830628414,0.5731308516937159,2018-08-16
0.4660222248074788,0.5339777751925212,2018-08-17
0.4401240134524305,0.5598759865475695,2018-08-18
0.4135049786537322,0.5864950213462679,2018-08-19
0.3154983003708079,0.6845016996291922,2018-08-20
0.25700776871356673,0.7429922312864332,2018-08-21
0.281911273496102,0.718088726503898,2018-08-22
0.345114662200918,0.654885337799082,2018-08-23
0.36478369308586034,0.6352163069141397,2018-08-24
0.30225971870587603,0.697740281294124,2018-08-25
0.2877727533238904,0.7122272466761096,2018-08-26
0.3403143688042991,0.6596856311957009,2018-08-27
0.28858196812331616,0.7114180318766838,2018-08-28
0.3144803627697615,0.6855196372302386,2018-08-29
0.3429464752270142,0.6570535247729858,2018-08-30
0.3682537193898583,0.6317462806101417,2018-08-31
0.3287370007586047,0.6712629992413953,2018-09-01
0.319075697032781,0.680924302967219,2018-09-02
0.30459455647354466,0.6954054435264554,2018-09-03
0.26935359364742345,0.7306464063525766,2018-09-04
0.3070220325432893,0.6929779674567107,2018-09-05
0.3130065455246736,0.6869934544753264,2018-09-06
0.2786223728817804,0.7213776271182196,2018-09-07
0.2294077712126444,0.7705922287873556,2018-09-08
0.2910177675996574,0.7089822324003425,2018-09-09
0.3272219372915247,0.6727780627084753,2018-09-10
0.28068219795028854,0.7193178020497115,2018-09-11
0.2911778180132459,0.7088221819867542,2018-09-12
0.27716164303930396,0.722838356960696,2018-09-13
0.2579793998291222,0.7420206001708778,2018-09-14
0.2465822415395016,0.7534177584604984,2018-09-15
0.2807155868136698,0.7192844131863302,2018-09-16
0.2190080380167666,0.7809919619832334,2018-09-17
0.23916090581068652,0.7608390941893135,2018-09-18
0.26869169518471286,0.7313083048152871,2018-09-19
0.28263169410298566,0.7173683058970144,2018-09-20
0.2502879841388909,0.749712015861109,2018-09-21
0.2879314776061383,0.7120685223938616,2018-09-22
0.4251358822528988,0.5748641177471012,2018-09-23
0.3906615413305619,0.6093384586694381,2018-09-24
0.36891883482307586,0.6310811651769241,2018-09-25
0.2956947919669329,0.7043052080330672,2018-09-26
0.27323833171041473,0.7267616682895852,2018-09-27
0.30102022589465605,0.698979774105344,2018-09-28
0.2918558896231461,0.7081441103768539,2018-09-29
0.44163087383716126,0.5583691261628387,2018-09-30
0.42071206120831794,0.579287938791682,2018-10-01
0.34395172882348657,0.6560482711765134,2018-10-02
0.23581848626029683,0.7641815137397032,2018-10-03
0.27246085889804544,0.7275391411019545,2018-10-04
0.35808860329875297,0.6419113967012471,2018-10-05
0.4331086654392968,0.5668913345607032,2018-10-06
0.28134186078039586,0.7186581392196041,2018-10-07
0.23952893438489398,0.760471065615106,2018-10-08
0.28325501170070627,0.7167449882992938,2018-10-09
0.35049619971604506,0.6495038002839549,2018-10-10
0.36323889332908443,0.6367611066709156,2018-10-11
0.38706601912546523,0.6129339808745348,2018-10-12
0.43070842163930434,0.5692915783606957,2018-10-13
0.3167970495746317,0.6832029504253683,2018-10-14
0.18853189892942565,0.8114681010705743,2018-10-15
0.20170682045716617,0.7982931795428339,2018-10-16
0.30442060716857233,0.6955793928314277,2018-10-17
0.3717356658768728,0.6282643341231272,2018-10-18
0.4031414789122305,0.5968585210877695,2018-10-19
0.3023590230421556,0.6976409769578444,2018-10-20
0.38981677240322304,0.6101832275967769,2018-10-21
0.3461474596858232,0.6538525403141768,2018-10-22
0.2830760688646864,0.7169239311353136,2018-10-23
0.21988688192017714,0.7801131180798229,2018-10-24
0.2063545401741566,0.7936454598258433,2018-10-25
0.43382746489239565,0.5661725351076043,2018-10-26
0.4497454942794217,0.5502545057205783,2018-10-27
0.47545563318476797,0.5245443668152321,2018-10-28
0.3550965874372442,0.6449034125627557,2018-10-29
0.2688022329606246,0.7311977670393754,2018-10-30
0.318368399159959,0.6816316008400409,2018-10-31
0.3440826362972391,0.6559173637027609,2018-11-01
0.2564134427882091,0.7435865572117909,2018-11-02
0.3123795973386619,0.6876204026613382,2018-11-03
0.38343268675990577,0.6165673132400942,2018-11-04
0.45562428011304157,0.5443757198869584,2018-11-05
0.3832376047245802,0.6167623952754198,2018-11-06
0.3374069054016481,0.6625930945983519,2018-11-07
0.4921187422286031,0.5078812577713969,2018-11-08
0.5739162984490239,0.4260837015509761,2018-11-09
0.46461740312215194,0.5353825968778481,2018-11-10
0.2626379072675714,0.7373620927324286,2018-11-11
0.24944626196979586,0.7505537380302041,2018-11-12
0.30476691793311617,0.6952330820668838,2018-11-13
0.2697742411426491,0.7302257588573509,2018-11-14
0.2799287868984029,0.7200712131015972,2018-11-15
0.3282135513517233,0.6717864486482767,2018-11-16
0.40648766526392405,0.593512334736076,2018-11-17
0.24314638132620503,0.756853618673795,2018-11-18
0.31174109047351817,0.6882589095264818,2018-11-19
0.3360562008374985,0.6639437991625015,2018-11-20
0.3124637439800464,0.6875362560199536,2018-11-21
0.32274483419846034,0.6772551658015397,2018-11-22
0.37811648273621995,0.62188351726378,2018-11-23
0.4219229088338859,0.5780770911661142,2018-11-24
0.46878630090523316,0.5312136990947669,2018-11-25
0.3634474658430081,0.636552534156992,2018-11-26
0.34000521203908163,0.6599947879609184,2018-11-27
0.3248691133253794,0.6751308866746206,2018-11-28
0.363672610600245,0.636327389399755,2018-11-29
0.43841208152856564,0.5615879184714343,2018-11-30
0.4731336124457579,0.5268663875542421,2018-12-01
0.3642951245600662,0.6357048754399338,2018-12-02
0.2727334155638225,0.7272665844361774,2018-12-03
0.3238320778873049,0.676167922112695,2018-12-04
0.36025663328499896,0.639743366715001,2018-12-05
0.4032438243717213,0.5967561756282787,2018-12-06
0.38558227122438293,0.6144177287756171,2018-12-07
0.38564732108413924,0.6143526789158608,2018-12-08
0.29593688022152803,0.7040631197784719,2018-12-09
0.2584794127449285,0.7415205872550714,2018-12-10
0.3265609451711624,0.6734390548288376,2018-12-11
0.48300893427519226,0.5169910657248078,2018-12-12
0.4498896074624201,0.5501103925375799,2018-12-13
0.47865692518808584,0.5213430748119141,2018-12-14
0.5187984845200082,0.4812015154799918,2018-12-15
0.36494787975017434,0.6350521202498256,2018-12-16
0.42037918668305196,0.579620813316948,2018-12-17
0.4274446391328237,0.5725553608671763,2018-12-18
0.3707628001480131,0.6292371998519869,2018-12-19
0.4333734022223435,0.5666265977776566,2018-12-20
0.3633829100374141,0.6366170899625859,2018-12-21
0.30232520346858527,0.6976747965314147,2018-12-22
0.2811886761214443,0.7188113238785556,2018-12-23
0.27563314868539845,0.7243668513146015,2018-12-24
0.27232761697481017,0.7276723830251899,2018-12-25
0.24473076084976658,0.7552692391502334,2018-12-26
0.31427935232047816,0.6857206476795219,2018-12-27
0.4563809914922137,0.5436190085077863,2018-12-28
0.4086686533448253,0.5913313466551747,2018-12-29
0.3413513548563158,0.6586486451436842,2018-12-30
