Dates,renewable energy generation percentage,non-renewable energy generation percentage,energy price
2015-01-01,0.2864958625484403,0.7135041374515597,62.09083333333334
2015-01-02,0.30571660763394554,0.6942833923660545,69.44375
2015-01-03,0.3160258813846941,0.6839741186153059,65.22333333333333
2015-01-04,0.25325303193166016,0.7467469680683398,58.91208333333333
2015-01-05,0.26055513058425644,0.7394448694157436,74.59833333333331
2015-01-06,0.22741768695068265,0.7725823130493173,68.67875
2015-01-07,0.2540292144902596,0.7459707855097404,79.04625
2015-01-08,0.2758046811806665,0.7241953188193335,78.55916666666667
2015-01-09,0.2825345917456947,0.7174654082543053,76.3525
2015-01-10,0.34433327530947744,0.6556667246905226,68.21208333333333
2015-01-11,0.3303339466222709,0.6696660533777291,59.53125
2015-01-12,0.3307670871063245,0.6692329128936756,71.37291666666665
2015-01-13,0.3249074697811308,0.6750925302188693,69.84124999999999
2015-01-14,0.40684151867877855,0.5931584813212214,74.3129166666667
2015-01-15,0.4186434365538144,0.5813565634461856,60.20124999999999
2015-01-16,0.3627990656768178,0.6372009343231821,66.00583333333333
2015-01-17,0.3268778480011121,0.6731221519988879,59.28875
2015-01-18,0.3485698881644824,0.6514301118355176,57.35874999999999
2015-01-19,0.2974919387267765,0.7025080612732235,66.82125
2015-01-20,0.37337341315752537,0.6266265868424746,74.93541666666665
2015-01-21,0.3964434371034865,0.6035565628965135,66.01291666666667
2015-01-22,0.3859312748401548,0.6140687251598452,64.07541666666667
2015-01-23,0.4086229679624244,0.5913770320375755,66.96083333333333
2015-01-24,0.4673370618580083,0.5326629381419916,58.01625000000001
2015-01-25,0.3638012157559892,0.6361987842440109,53.44541666666667
2015-01-26,0.37831982021014093,0.621680179789859,70.80583333333334
2015-01-27,0.3738683765028374,0.6261316234971626,67.69833333333334
2015-01-28,0.5033404021428699,0.4966595978571301,70.35166666666667
2015-01-29,0.5848080118396749,0.4151919881603251,56.13249999999999
2015-01-30,0.6186301788029481,0.3813698211970519,46.49666666666666
2015-01-31,0.5793230705232094,0.4206769294767906,31.07916666666667
2015-02-01,0.4731467376894213,0.5268532623105787,32.81916666666667
2015-02-02,0.4961226102955423,0.5038773897044577,61.59083333333334
2015-02-03,0.5303109895594494,0.4696890104405506,56.57041666666668
2015-02-04,0.5049187578718166,0.4950812421281834,53.55208333333334
2015-02-05,0.4318983787692009,0.5681016212307991,57.11666666666667
2015-02-06,0.3414166299700495,0.6585833700299505,61.50583333333333
2015-02-07,0.4541725905598352,0.5458274094401648,66.16791666666667
2015-02-08,0.4267284771743897,0.5732715228256103,52.95666666666667
2015-02-09,0.30859415627163195,0.6914058437283681,66.16708333333335
2015-02-10,0.2835790070409259,0.7164209929590741,73.31916666666669
2015-02-11,0.2686667573805139,0.7313332426194861,77.17708333333334
2015-02-12,0.3903346969882061,0.6096653030117939,77.94791666666667
2015-02-13,0.5504512680505131,0.4495487319494869,63.72416666666666
2015-02-14,0.5336137540694686,0.4663862459305314,50.65458333333334
2015-02-15,0.42613684865254414,0.5738631513474559,43.89458333333334
2015-02-16,0.52856325701556,0.4714367429844401,65.6575
2015-02-17,0.4482606555852473,0.5517393444147527,52.99666666666668
2015-02-18,0.3552486588018164,0.6447513411981836,60.54666666666667
2015-02-19,0.3786025740064654,0.6213974259935346,70.765
2015-02-20,0.5478950918469772,0.4521049081530229,65.74083333333334
2015-02-21,0.5810119883875484,0.4189880116124516,45.97125
2015-02-22,0.5922015403497276,0.4077984596502724,31.66791666666667
2015-02-23,0.5955175419390981,0.4044824580609019,44.352500000000006
2015-02-24,0.5805300052618123,0.4194699947381877,42.37250000000001
2015-02-25,0.5537796269420353,0.4462203730579647,48.83416666666667
2015-02-26,0.562237227780703,0.43776277221929705,54.82958333333334
2015-02-27,0.5297727387429567,0.4702272612570433,53.44041666666667
2015-02-28,0.5462249029708122,0.4537750970291878,47.22458333333333
2015-03-01,0.4826398397633743,0.5173601602366258,38.98
2015-03-02,0.3812412363975369,0.6187587636024631,57.51875
2015-03-03,0.5651064884435371,0.4348935115564629,66.03625000000001
2015-03-04,0.6007942836486733,0.3992057163513267,47.02416666666666
2015-03-05,0.4611671994210466,0.5388328005789533,41.6625
2015-03-06,0.42691224958226254,0.5730877504177374,61.18791666666666
2015-03-07,0.4464010280801687,0.5535989719198313,57.54625000000001
2015-03-08,0.3955862788548991,0.6044137211451008,51.38708333333332
2015-03-09,0.3477700968276965,0.6522299031723036,58.5975
2015-03-10,0.3677235439684611,0.6322764560315388,64.65666666666668
2015-03-11,0.3945630760992331,0.6054369239007669,60.07749999999999
2015-03-12,0.4862913578570585,0.5137086421429415,58.57749999999999
2015-03-13,0.4967120001758112,0.5032879998241888,53.54500000000001
2015-03-14,0.41096470507891103,0.589035294921089,51.34291666666667
2015-03-15,0.3476281593920333,0.6523718406079667,53.94
2015-03-16,0.395166377289772,0.604833622710228,67.42083333333333
2015-03-17,0.4144544011263537,0.5855455988736462,58.13625
2015-03-18,0.4814310856458245,0.5185689143541754,58.3025
2015-03-19,0.5172141522745849,0.4827858477254151,51.32791666666667
2015-03-20,0.4651657772368776,0.5348342227631224,51.70499999999999
2015-03-21,0.4677970402472632,0.5322029597527369,54.23625000000001
2015-03-22,0.3810190992034132,0.6189809007965867,53.53833333333333
2015-03-23,0.44624701778204895,0.553752982217951,65.13125000000001
2015-03-24,0.5384441920853129,0.4615558079146871,57.68666666666667
2015-03-25,0.4950314175740913,0.5049685824259087,54.34458333333333
2015-03-26,0.4953514765467171,0.5046485234532829,56.37750000000001
2015-03-27,0.4810049462315871,0.5189950537684129,58.03708333333334
2015-03-28,0.4979363277151482,0.5020636722848517,55.62125
2015-03-29,0.4905619914941852,0.5094380085058148,45.70166666666668
2015-03-30,0.4655592094225617,0.5344407905774383,55.49541666666667
2015-03-31,0.5217966337434272,0.4782033662565728,54.69291666666667
2015-04-01,0.4739371726434772,0.5260628273565228,43.95416666666666
2015-04-02,0.4257365351967331,0.5742634648032672,52.59000000000001
2015-04-03,0.5024791598505903,0.4975208401494097,53.35458333333333
2015-04-04,0.4966606779144214,0.5033393220855786,39.60625
2015-04-05,0.45350284065024704,0.546497159349753,39.93958333333333
2015-04-06,0.4750771459609638,0.5249228540390363,52.66125
2015-04-07,0.4803258886145007,0.5196741113854993,57.68125000000001
2015-04-08,0.39729711521277533,0.6027028847872246,54.20374999999999
2015-04-09,0.3551179751134739,0.6448820248865261,63.22375
2015-04-10,0.2873171546060676,0.7126828453939325,67.15541666666665
2015-04-11,0.4130200102232138,0.5869799897767862,60.28083333333333
2015-04-12,0.4655840707825371,0.5344159292174628,47.14375
2015-04-13,0.4541737881002966,0.5458262118997035,59.165
2015-04-14,0.35702040336197993,0.6429795966380201,54.90375
2015-04-15,0.3372196752690004,0.6627803247309996,61.54583333333332
2015-04-16,0.3052529376046293,0.6947470623953707,61.945
2015-04-17,0.3592876802793292,0.6407123197206708,68.00666666666666
2015-04-18,0.3653881251285597,0.6346118748714403,58.335
2015-04-19,0.32164367509849034,0.6783563249015097,54.91208333333333
2015-04-20,0.4342014635890281,0.5657985364109719,66.17041666666667
2015-04-21,0.3744071985421385,0.6255928014578616,60.13583333333333
2015-04-22,0.30099569668884724,0.6990043033111528,63.325
2015-04-23,0.2823610647782401,0.7176389352217598,73.10833333333333
2015-04-24,0.3819802945624028,0.6180197054375972,68.87166666666667
2015-04-25,0.41427017654306303,0.585729823456937,58.42625
2015-04-26,0.5141207387364344,0.4858792612635656,50.10749999999999
2015-04-27,0.3845763441736757,0.6154236558263243,57.09333333333331
2015-04-28,0.3396519972779405,0.6603480027220595,69.16416666666667
2015-04-29,0.4161942993303542,0.5838057006696458,70.90124999999998
2015-04-30,0.5202725479166653,0.4797274520833346,64.1725
2015-05-01,0.49555815612921705,0.504441843870783,55.52083333333334
2015-05-02,0.4486716847817761,0.551328315218224,54.70249999999999
2015-05-03,0.4972758696985217,0.5027241303014782,56.477500000000006
2015-05-04,0.4984526507268939,0.5015473492731061,56.25958333333333
2015-05-05,0.3780513087611642,0.6219486912388358,59.71166666666667
2015-05-06,0.473536808247591,0.526463191752409,71.47125
2015-05-07,0.5566549320990729,0.4433450679009271,59.42166666666665
2015-05-08,0.3969823558401683,0.6030176441598317,53.14374999999999
2015-05-09,0.4775128204122048,0.5224871795877952,62.92041666666668
2015-05-10,0.4101324130426947,0.5898675869573053,54.99833333333334
2015-05-11,0.4031324821821901,0.5968675178178099,63.64083333333334
2015-05-12,0.4513755593651209,0.5486244406348789,63.43833333333333
2015-05-13,0.5415056334270546,0.4584943665729454,60.45
2015-05-14,0.5699363205555485,0.43006367944445145,54.25625
2015-05-15,0.5908246193006994,0.4091753806993006,55.33958333333333
2015-05-16,0.5623609071542199,0.4376390928457801,44.93333333333333
2015-05-17,0.4447346386885401,0.5552653613114599,45.37791666666666
2015-05-18,0.5329132694637982,0.4670867305362018,62.68416666666667
2015-05-19,0.5004197078173102,0.4995802921826898,53.77208333333334
2015-05-20,0.5419644936784358,0.4580355063215642,57.41416666666667
2015-05-21,0.556443017771075,0.4435569822289249,55.06250000000001
2015-05-22,0.5579757610978195,0.4420242389021805,55.498333333333356
2015-05-23,0.5076821510148564,0.4923178489851437,46.91375
2015-05-24,0.471129168382192,0.5288708316178079,46.42958333333333
2015-05-25,0.5137390981248522,0.4862609018751478,60.325416666666676
2015-05-26,0.4921065445652995,0.5078934554347005,58.46874999999998
2015-05-27,0.424959212594674,0.575040787405326,60.16041666666666
2015-05-28,0.3970114615577289,0.6029885384422711,63.29958333333334
2015-05-29,0.3459056088924733,0.6540943911075267,65.52125
2015-05-30,0.3331904546379256,0.6668095453620744,60.51625000000001
2015-05-31,0.3415965730132892,0.6584034269867108,58.56541666666669
2015-06-01,0.3427279167591669,0.6572720832408331,66.40291666666668
2015-06-02,0.3619883046044451,0.6380116953955548,66.56958333333333
2015-06-03,0.37303462620884176,0.6269653737911582,66.48291666666667
2015-06-04,0.37506990950497776,0.6249300904950222,66.59208333333332
2015-06-05,0.4219496030912697,0.5780503969087303,66.22041666666667
2015-06-06,0.41119461803814783,0.5888053819618522,58.38291666666668
2015-06-07,0.368357427499289,0.6316425725007111,57.85625000000002
2015-06-08,0.3582468120309035,0.6417531879690965,67.08708333333334
2015-06-09,0.3562225006453282,0.6437774993546719,67.6575
2015-06-10,0.3210386949158676,0.6789613050841324,67.30958333333335
2015-06-11,0.3094601630246258,0.6905398369753741,70.7375
2015-06-12,0.32851584308853604,0.671484156911464,68.16541666666667
2015-06-13,0.3031738811507824,0.6968261188492175,65.29166666666669
2015-06-14,0.31988172538913245,0.6801182746108676,61.565
2015-06-15,0.3855638171146201,0.6144361828853799,66.27958333333333
2015-06-16,0.4610658121370258,0.5389341878629743,66.07
2015-06-17,0.4434757655908612,0.5565242344091388,61.14958333333332
2015-06-18,0.4374501319620466,0.5625498680379534,59.30833333333334
2015-06-19,0.4223217516407709,0.5776782483592291,61.74333333333333
2015-06-20,0.350531814854932,0.6494681851450681,56.25999999999999
2015-06-21,0.3257381295200754,0.6742618704799246,59.259583333333346
2015-06-22,0.3224168802259095,0.6775831197740905,73.48291666666667
2015-06-23,0.28905759285246657,0.7109424071475334,70.52499999999998
2015-06-24,0.2882338505289678,0.7117661494710321,72.28
2015-06-25,0.3048408662265648,0.6951591337734352,73.55958333333334
2015-06-26,0.3248062766744955,0.6751937233255045,73.47916666666667
2015-06-27,0.29457466982966385,0.7054253301703362,65.69833333333334
2015-06-28,0.31901139365669146,0.6809886063433086,60.19
2015-06-29,0.35148710681828554,0.6485128931817145,72.46208333333334
2015-06-30,0.35391856269319993,0.6460814373068,71.56958333333333
2015-07-01,0.3080207515185279,0.6919792484814722,71.67791666666666
2015-07-02,0.3901214224408469,0.6098785775591531,75.73
2015-07-03,0.33553064984416264,0.6644693501558374,71.88333333333333
2015-07-04,0.33062589366079104,0.6693741063392089,65.80625000000002
2015-07-05,0.32015072311171483,0.6798492768882851,60.14875000000001
2015-07-06,0.3009582644826476,0.6990417355173524,72.64250000000001
2015-07-07,0.3473476885590269,0.652652311440973,72.5425
2015-07-08,0.3359777347956405,0.6640222652043595,71.17208333333333
2015-07-09,0.2990318195707964,0.7009681804292036,72.63083333333334
2015-07-10,0.32385655272479624,0.6761434472752037,74.1125
2015-07-11,0.2982549068695875,0.7017450931304126,65.43666666666667
2015-07-12,0.2902977791092971,0.7097022208907029,62.86124999999999
2015-07-13,0.2951048222730372,0.7048951777269628,75.16708333333334
2015-07-14,0.2766233468022089,0.7233766531977911,72.27833333333334
2015-07-15,0.2715223289823345,0.7284776710176655,73.81041666666665
2015-07-16,0.24077029579726256,0.7592297042027374,75.01041666666666
2015-07-17,0.2987916708206198,0.7012083291793803,75.8591666666667
2015-07-18,0.26665599554781555,0.7333440044521844,70.29458333333334
2015-07-19,0.237606324668076,0.7623936753319241,65.27916666666667
2015-07-20,0.2492271176774678,0.7507728823225321,76.11791666666669
2015-07-21,0.2723442484538386,0.7276557515461615,76.81083333333333
2015-07-22,0.2633668023414037,0.7366331976585963,75.41666666666666
2015-07-23,0.3221244972529813,0.6778755027470187,76.37166666666666
2015-07-24,0.3419689288088272,0.6580310711911728,71.11874999999998
2015-07-25,0.3068542764313349,0.6931457235686651,62.56208333333333
2015-07-26,0.2984793663902911,0.7015206336097088,58.91458333333335
2015-07-27,0.2760736064800892,0.7239263935199107,74.14625
2015-07-28,0.28186595100143386,0.7181340489985661,74.98874999999998
2015-07-29,0.3341824161825086,0.6658175838174913,73.09083333333334
2015-07-30,0.3316623499404148,0.6683376500595852,70.1575
2015-07-31,0.3091034379488935,0.6908965620511065,68.40041666666666
2015-08-01,0.3634965085193815,0.6365034914806185,62.12541666666667
2015-08-02,0.2971436202660221,0.7028563797339781,55.817083333333336
2015-08-03,0.254119369662904,0.745880630337096,69.51166666666667
2015-08-04,0.3005664580192342,0.6994335419807658,69.215
2015-08-05,0.26020153318464595,0.7397984668153541,69.13583333333332
2015-08-06,0.28615454154271885,0.7138454584572811,70.84708333333333
2015-08-07,0.3308456286682441,0.6691543713317559,69.67374999999998
2015-08-08,0.35629446080261257,0.6437055391973874,63.20541666666667
2015-08-09,0.25602573806650464,0.7439742619334954,56.91041666666667
2015-08-10,0.25424796738751165,0.7457520326124883,69.12083333333334
2015-08-11,0.2571484210384584,0.7428515789615416,69.62333333333332
2015-08-12,0.4108279704482118,0.5891720295517882,67.56583333333333
2015-08-13,0.3265647864187181,0.6734352135812819,60.21041666666667
2015-08-14,0.29734108603362314,0.7026589139663768,64.68833333333335
2015-08-15,0.2606612847986672,0.7393387152013329,58.18250000000001
2015-08-16,0.266250023392932,0.733749976607068,61.62791666666666
2015-08-17,0.2889595761485095,0.7110404238514905,68.33416666666666
2015-08-18,0.2646125949322841,0.7353874050677159,64.01541666666668
2015-08-19,0.2638259082028838,0.7361740917971162,65.38916666666667
2015-08-20,0.2644766087179854,0.7355233912820146,66.11999999999999
2015-08-21,0.303586210129565,0.696413789870435,69.51916666666666
2015-08-22,0.4986550309712416,0.5013449690287584,60.350000000000016
2015-08-23,0.40293170632473213,0.5970682936752678,43.42166666666666
2015-08-24,0.2779040479563717,0.7220959520436283,63.95333333333334
2015-08-25,0.3626566005300776,0.6373433994699224,67.61458333333334
2015-08-26,0.35355702940097544,0.6464429705990246,63.25458333333332
2015-08-27,0.2829900742280901,0.7170099257719099,59.81125
2015-08-28,0.3359993241417277,0.6640006758582723,67.72041666666668
2015-08-29,0.34542384395524744,0.6545761560447525,60.01083333333333
2015-08-30,0.2537718017916292,0.7462281982083708,56.442083333333336
2015-08-31,0.2912438171583089,0.7087561828416911,71.27166666666666
2015-09-01,0.28979806328472074,0.7102019367152792,65.72875
2015-09-02,0.3282660660851938,0.6717339339148062,65.66458333333331
2015-09-03,0.31740874921112555,0.6825912507888745,62.69166666666666
2015-09-04,0.31164852300655177,0.6883514769934482,63.5125
2015-09-05,0.28103710915304,0.7189628908469601,60.09375000000001
2015-09-06,0.2543669411424452,0.7456330588575548,59.65958333333333
2015-09-07,0.21692031313866386,0.7830796868613361,68.40166666666666
2015-09-08,0.24068483701663154,0.7593151629833684,69.77791666666667
2015-09-09,0.2220251874994624,0.7779748125005376,68.72166666666666
2015-09-10,0.2539561266230256,0.7460438733769744,67.28166666666665
2015-09-11,0.29134736469123024,0.7086526353087698,62.94916666666666
2015-09-12,0.466294414068787,0.533705585931213,59.685
2015-09-13,0.3758096619660174,0.6241903380339826,44.9025
2015-09-14,0.4224357078348021,0.577564292165198,61.01416666666668
2015-09-15,0.5107942230511948,0.4892057769488052,53.18000000000001
2015-09-16,0.3764926513064965,0.6235073486935034,45.68375
2015-09-17,0.2679268687725573,0.7320731312274427,58.65583333333333
2015-09-18,0.3264427134426725,0.6735572865573275,61.69458333333333
2015-09-19,0.2887147166039668,0.7112852833960333,54.82416666666666
2015-09-20,0.2462819842693465,0.7537180157306536,55.7175
2015-09-21,0.34104195363738754,0.6589580463626125,62.36166666666667
2015-09-22,0.3366246413297136,0.6633753586702864,56.59541666666666
2015-09-23,0.2804439257546685,0.7195560742453315,58.52958333333333
2015-09-24,0.2521738367048184,0.7478261632951816,60.80083333333334
2015-09-25,0.23252063367222134,0.7674793663277786,60.24958333333333
2015-09-26,0.3146677971984826,0.6853322028015174,58.12375
2015-09-27,0.3146554011880245,0.6853445988119755,54.73708333333334
2015-09-28,0.2621371078900637,0.7378628921099364,60.11708333333334
2015-09-29,0.2551659589767993,0.7448340410232007,61.64124999999999
2015-09-30,0.2642439478830233,0.7357560521169767,64.50958333333332
2015-10-01,0.26973182214974395,0.730268177850256,65.50708333333334
2015-10-02,0.2394378110595516,0.7605621889404485,64.88333333333334
2015-10-03,0.4563413240128862,0.5436586759871138,57.97541666666666
2015-10-04,0.5352860005266931,0.4647139994733069,47.31791666666666
2015-10-05,0.505524601228542,0.494475398771458,50.82750000000001
2015-10-06,0.28044763534832545,0.7195523646516746,56.03166666666666
2015-10-07,0.2845460877197761,0.7154539122802239,66.72208333333333
2015-10-08,0.2336543642758223,0.7663456357241777,64.68583333333332
2015-10-09,0.2928432579952009,0.707156742004799,64.71416666666667
2015-10-10,0.25617728966692344,0.7438227103330766,57.44416666666667
2015-10-11,0.3208557727258757,0.6791442272741244,57.69166666666666
2015-10-12,0.3653382533691944,0.6346617466308057,58.14041666666665
2015-10-13,0.3785053301754614,0.6214946698245386,59.70583333333333
2015-10-14,0.2692318371596564,0.7307681628403436,59.43041666666668
2015-10-15,0.2105151261844493,0.7894848738155507,64.28750000000001
2015-10-16,0.3810394804616416,0.6189605195383585,66.12291666666667
2015-10-17,0.2933907083914043,0.7066092916085958,54.46958333333334
2015-10-18,0.3153824464495833,0.6846175535504166,60.49208333333335
2015-10-19,0.4315807248058939,0.5684192751941061,64.22166666666665
2015-10-20,0.3991012337216073,0.6008987662783927,57.27125000000001
2015-10-21,0.3507627402133375,0.6492372597866625,58.77375
2015-10-22,0.2526292008100313,0.7473707991899687,61.85999999999999
2015-10-23,0.23262286373303626,0.7673771362669638,65.99708333333335
2015-10-24,0.26690455818878106,0.7330954418112191,59.98583333333333
2015-10-25,0.30153111910123753,0.6984688808987625,55.26666666666666
2015-10-26,0.372794322612454,0.6272056773875461,59.54208333333332
2015-10-27,0.4305892708604039,0.5694107291395961,56.55375000000001
2015-10-28,0.3398813952329884,0.6601186047670116,53.35833333333332
2015-10-29,0.4016408355484377,0.5983591644515623,60.325
2015-10-30,0.36735781120269584,0.6326421887973042,56.04041666666668
2015-10-31,0.4952798021680682,0.5047201978319318,55.89458333333334
2015-11-01,0.4267807555562334,0.5732192444437666,45.27666666666667
2015-11-02,0.4002969532698615,0.5997030467301385,56.99249999999999
2015-11-03,0.3131073611572037,0.6868926388427963,59.02958333333333
2015-11-04,0.34197993960739304,0.6580200603926071,60.44833333333333
2015-11-05,0.3256094171996953,0.6743905828003047,59.67041666666666
2015-11-06,0.3335269733581,0.6664730266419,62.93958333333333
2015-11-07,0.4003333025235434,0.5996666974764566,59.54416666666666
2015-11-08,0.2594670499787251,0.740532950021275,54.51583333333332
2015-11-09,0.24658378051906826,0.7534162194809317,68.24875
2015-11-10,0.23365566342741206,0.7663443365725879,68.45125
2015-11-11,0.23814908290625306,0.7618509170937471,68.25500000000001
2015-11-12,0.2788868032566133,0.7211131967433867,68.54708333333335
2015-11-13,0.27171184764268685,0.7282881523573131,63.41791666666666
2015-11-14,0.2458244201042408,0.7541755798957592,59.60833333333334
2015-11-15,0.2712875325037162,0.7287124674962838,59.19000000000001
2015-11-16,0.28142551231791324,0.7185744876820868,66.03291666666667
2015-11-17,0.2453532357856032,0.7546467642143968,64.63958333333333
2015-11-18,0.24512940743237766,0.7548705925676223,66.76458333333333
2015-11-19,0.3789824723231711,0.6210175276768288,66.19416666666667
2015-11-20,0.5836390670158124,0.4163609329841877,57.06458333333333
2015-11-21,0.4560239263606943,0.5439760736393058,38.18875000000001
2015-11-22,0.3349516774534383,0.6650483225465618,49.33791666666667
2015-11-23,0.3242978372712061,0.6757021627287938,68.18041666666667
2015-11-24,0.4577021715059058,0.5422978284940942,67.90333333333335
2015-11-25,0.4431435486271933,0.5568564513728067,58.93458333333333
2015-11-26,0.3638310949970523,0.6361689050029478,57.86291666666666
2015-11-27,0.3469875264249737,0.6530124735750263,62.85458333333332
2015-11-28,0.2585973571163683,0.7414026428836318,55.35958333333334
2015-11-29,0.2332570278956806,0.7667429721043194,59.23
2015-11-30,0.20421548501341272,0.7957845149865873,69.50541666666668
2015-12-01,0.20684965279378106,0.7931503472062189,73.92916666666666
2015-12-02,0.2505553394329144,0.7494446605670856,74.79083333333331
2015-12-03,0.21078769260335106,0.7892123073966489,69.99708333333334
2015-12-04,0.2181998428211761,0.7818001571788239,72.62041666666666
2015-12-05,0.252644994486372,0.747355005513628,67.1825
2015-12-06,0.3064402546056969,0.6935597453943031,58.58833333333333
2015-12-07,0.19905903093787314,0.8009409690621269,57.55500000000001
2015-12-08,0.22967175825694974,0.7703282417430503,63.11750000000002
2015-12-09,0.1963163900996036,0.8036836099003963,69.11083333333333
2015-12-10,0.19580197889111325,0.8041980211088867,71.82083333333334
2015-12-11,0.1921490879596696,0.8078509120403303,70.55250000000002
2015-12-12,0.24034114025370945,0.7596588597462905,67.16499999999998
2015-12-13,0.323730327935555,0.676269672064445,55.65749999999999
2015-12-14,0.34937072274512665,0.6506292772548734,61.47458333333335
2015-12-15,0.2909214251390649,0.7090785748609351,59.22041666666666
2015-12-16,0.2807716172183189,0.719228382781681,64.76125
2015-12-17,0.2702471998277917,0.7297528001722083,64.36541666666666
2015-12-18,0.3373982673119373,0.6626017326880627,64.2075
2015-12-19,0.2895767554072576,0.7104232445927424,55.56041666666667
2015-12-20,0.2603686728733384,0.7396313271266616,56.43083333333334
2015-12-21,0.3099476943290496,0.6900523056709504,65.61041666666665
2015-12-22,0.2260529165689381,0.7739470834310619,63.93083333333332
2015-12-23,0.2901406203000799,0.7098593796999201,65.59375
2015-12-24,0.2944474355503913,0.7055525644496088,58.48583333333334
2015-12-25,0.3597155557910601,0.6402844442089399,57.30541666666667
2015-12-26,0.4471490048387399,0.5528509951612601,53.05416666666667
2015-12-27,0.4946754976071953,0.5053245023928047,40.46958333333333
2015-12-28,0.34978534458361155,0.6502146554163885,48.38958333333332
2015-12-29,0.4012511561282892,0.5987488438717108,57.29541666666668
2015-12-30,0.30846896163520005,0.6915310383647999,51.45416666666666
2016-01-01,0.4731692505446427,0.5268307494553572,39.940833333333345
2016-01-02,0.542616463666257,0.457383536333743,42.24041666666667
2016-01-03,0.5030147739487104,0.4969852260512896,30.702083333333324
2016-01-04,0.5525284879492648,0.4474715120507352,42.0225
2016-01-05,0.5939033091075492,0.4060966908924508,42.13249999999999
2016-01-06,0.5750755603283817,0.4249244396716183,27.475833333333334
2016-01-07,0.5454131305541567,0.4545868694458433,38.78291666666666
2016-01-08,0.5858329012147993,0.4141670987852008,43.397499999999994
2016-01-09,0.6181340974330864,0.3818659025669136,36.37583333333333
2016-01-10,0.6344979475749275,0.3655020524250725,21.444583333333327
2016-01-11,0.5064229577674471,0.493577042232553,35.87333333333333
2016-01-12,0.4431499705853494,0.5568500294146506,46.02458333333333
2016-01-13,0.4575961094507388,0.5424038905492612,48.28583333333335
2016-01-14,0.5002895936375279,0.4997104063624721,46.09791666666667
2016-01-15,0.5230432655546198,0.4769567344453802,47.38916666666668
2016-01-16,0.4675307937597158,0.5324692062402843,42.52541666666667
2016-01-17,0.4939169668701886,0.5060830331298114,45.50833333333333
2016-01-18,0.32634691614608125,0.6736530838539188,51.15625
2016-01-19,0.2990997546308397,0.7009002453691603,59.78333333333333
2016-01-20,0.3293026883245245,0.6706973116754755,60.72291666666666
2016-01-21,0.32967530308698445,0.6703246969130155,58.74458333333334
2016-01-22,0.33763706752473843,0.6623629324752616,55.25958333333333
2016-01-23,0.4409447475785884,0.5590552524214116,49.00666666666666
2016-01-24,0.3352236263498793,0.6647763736501207,43.17249999999999
2016-01-25,0.2773638581924729,0.7226361418075271,55.43958333333333
2016-01-26,0.3509392970536821,0.6490607029463178,56.55541666666668
2016-01-27,0.3131165238202989,0.6868834761797011,51.35583333333334
2016-01-28,0.3015737771812953,0.6984262228187046,55.24416666666667
2016-01-29,0.4264232597571016,0.5735767402428984,53.87666666666666
2016-01-30,0.5038318992892641,0.4961681007107359,44.90458333333333
2016-01-31,0.3532564585618358,0.6467435414381641,40.99875
2016-02-01,0.30934679064325943,0.6906532093567406,52.39708333333334
2016-02-02,0.4562696641374981,0.5437303358625019,50.08666666666668
2016-02-03,0.43743546811141176,0.5625645318885882,41.855833333333344
2016-02-04,0.3934446251706498,0.6065553748293502,43.42666666666667
2016-02-05,0.5599535426050156,0.4400464573949844,46.10124999999999
2016-02-06,0.6473823658796931,0.3526176341203069,35.00541666666666
2016-02-07,0.6054159378417275,0.3945840621582725,26.715000000000003
2016-02-08,0.6105109131679509,0.3894890868320491,39.28874999999999
2016-02-09,0.6103411001016338,0.3896588998983662,32.84875
2016-02-10,0.5926568419734899,0.4073431580265101,36.189166666666665
2016-02-11,0.6478536871756175,0.3521463128243825,40.50208333333333
2016-02-12,0.7108469344160234,0.2891530655839766,33.13
2016-02-13,0.6979262871311938,0.30207371286880624,18.659166666666668
2016-02-14,0.6630654781624092,0.3369345218375908,18.6525
2016-02-15,0.5573149584322119,0.4426850415677881,30.23333333333333
2016-02-16,0.4600165022492092,0.5399834977507908,43.68916666666666
2016-02-17,0.3969931690226501,0.60300683097735,46.834999999999994
2016-02-18,0.3994978254782981,0.600502174521702,46.29083333333333
2016-02-19,0.4541503106556164,0.5458496893443836,46.84916666666666
2016-02-20,0.4996524718045755,0.5003475281954245,41.19958333333333
2016-02-21,0.4186225042403309,0.5813774957596691,35.00875
2016-02-22,0.507527193588713,0.49247280641128705,48.16041666666667
2016-02-23,0.4833341089284444,0.5166658910715556,42.269583333333344
2016-02-24,0.5339862054887571,0.4660137945112429,39.10958333333335
2016-02-25,0.5377978880572254,0.4622021119427746,36.699583333333344
2016-02-26,0.6418574635685794,0.3581425364314206,34.11958333333334
2016-02-27,0.6275033038450523,0.3724966961549477,14.514583333333334
2016-02-28,0.6141612724978275,0.3858387275021725,14.755
2016-02-29,0.5372840150209445,0.4627159849790555,30.652916666666666
2016-03-01,0.5763247566304807,0.42367524336951934,38.73458333333335
2016-03-02,0.5527719325879994,0.4472280674120006,32.878750000000004
2016-03-03,0.5886999160808918,0.4113000839191082,35.68
2016-03-04,0.6049090036038458,0.3950909963961542,28.455416666666668
2016-03-05,0.5734893408118867,0.4265106591881133,19.81875
2016-03-06,0.5522365804021084,0.4477634195978916,22.80583333333333
2016-03-07,0.5265636701974455,0.4734363298025545,35.67666666666667
2016-03-08,0.5942800075834349,0.4057199924165651,39.77583333333333
2016-03-09,0.5974354618714628,0.4025645381285372,30.665
2016-03-10,0.5525196608579843,0.4474803391420157,30.94208333333333
2016-03-11,0.5322474975152367,0.4677525024847633,39.43708333333335
2016-03-12,0.5200628677920737,0.4799371322079263,35.988333333333344
2016-03-13,0.39815200793010697,0.6018479920698929,32.94833333333334
2016-03-14,0.3394222479998233,0.6605777520001767,45.79833333333333
2016-03-15,0.4572722216265832,0.5427277783734168,49.04333333333334
2016-03-16,0.35020439532638925,0.6497956046736107,42.70416666666665
2016-03-17,0.34719502282037185,0.6528049771796282,48.61791666666666
2016-03-18,0.3665701046607929,0.6334298953392071,50.49125
2016-03-19,0.3519297839477857,0.6480702160522143,44.37083333333334
2016-03-20,0.3990031481218184,0.6009968518781816,42.65875
2016-03-21,0.4526304753686479,0.5473695246313521,43.78708333333334
2016-03-22,0.5682112454753816,0.4317887545246184,42.715
2016-03-23,0.519158259990716,0.480841740009284,38.38500000000001
2016-03-24,0.4961206949501657,0.5038793050498342,38.12333333333334
2016-03-25,0.5531377786206572,0.4468622213793429,38.475
2016-03-26,0.5829580716922096,0.4170419283077904,31.214583333333326
2016-03-27,0.578025047252434,0.421974952747566,23.75291666666667
2016-03-28,0.5008107306946685,0.4991892693053315,25.9875
2016-03-29,0.5085464302371729,0.491453569762827,40.49666666666668
2016-03-30,0.5784391742672209,0.4215608257327791,38.87333333333334
2016-03-31,0.5133251639641511,0.4866748360358489,31.711666666666666
2016-04-01,0.5000381628965709,0.4999618371034291,41.64208333333333
2016-04-02,0.5774285555392289,0.4225714444607711,34.568749999999994
2016-04-03,0.4910744495416742,0.5089255504583259,23.017916666666668
2016-04-04,0.5922508130259937,0.4077491869740063,36.28124999999999
2016-04-05,0.5292652780124617,0.4707347219875383,29.9025
2016-04-06,0.5710243365726054,0.42897566342739457,36.81291666666667
2016-04-07,0.5720311938204151,0.427968806179585,32.36958333333334
2016-04-08,0.5414160336676407,0.4585839663323593,29.52708333333333
2016-04-09,0.5660883678326425,0.4339116321673575,25.68166666666667
2016-04-10,0.5463342659047645,0.4536657340952355,18.429583333333333
2016-04-11,0.5404494696011685,0.4595505303988315,27.85416666666667
2016-04-12,0.5577146382335638,0.4422853617664362,30.89583333333333
2016-04-13,0.5631155334375821,0.43688446656241786,31.39500000000001
2016-04-14,0.5253081110166911,0.474691888983309,33.076249999999995
2016-04-15,0.5814891804366329,0.418510819563367,32.86666666666667
2016-04-16,0.4992220109188529,0.5007779890811471,25.88875
2016-04-17,0.5190998672213049,0.4809001327786952,28.694583333333334
2016-04-18,0.5607650767715746,0.4392349232284254,33.63291666666667
2016-04-19,0.4812164162901552,0.5187835837098449,29.49125
2016-04-20,0.4889658032066378,0.5110341967933623,37.619166666666665
2016-04-21,0.4106933367931819,0.589306663206818,40.208333333333336
2016-04-22,0.511472040810419,0.488527959189581,43.18625
2016-04-23,0.5799481881200981,0.4200518118799019,29.6175
2016-04-24,0.5229697971668698,0.4770302028331303,20.666666666666668
2016-04-25,0.4912760552608009,0.5087239447391991,35.29583333333334
2016-04-26,0.4745478803263192,0.5254521196736808,38.08
2016-04-27,0.5002756303327159,0.4997243696672841,40.23125000000001
2016-04-28,0.4852210824660858,0.5147789175339141,39.6225
2016-04-29,0.6060338424042067,0.3939661575957933,39.83833333333333
2016-04-30,0.6313784159311087,0.36862158406889134,31.851250000000004
2016-05-01,0.5801909924895728,0.4198090075104272,23.3925
2016-05-02,0.5797848674530017,0.4202151325469983,34.017500000000005
2016-05-03,0.5074548110486374,0.4925451889513626,34.74041666666667
2016-05-04,0.4878674823800814,0.5121325176199185,40.02833333333334
2016-05-05,0.5242144009778276,0.4757855990221724,43.68208333333333
2016-05-06,0.5650157546213169,0.4349842453786831,42.46166666666668
2016-05-07,0.6125923415100897,0.3874076584899103,27.51166666666667
2016-05-08,0.5616777486795765,0.43832225132042346,16.4475
2016-05-09,0.5435565126483862,0.4564434873516138,33.99458333333333
2016-05-10,0.5265091869160738,0.4734908130839262,39.15750000000001
2016-05-11,0.5449706145601168,0.4550293854398833,36.997916666666654
2016-05-12,0.6026460377696697,0.3973539622303303,32.992916666666666
2016-05-13,0.6228594733157287,0.37714052668427134,27.59583333333333
2016-05-14,0.5973121472995263,0.4026878527004737,21.09083333333333
2016-05-15,0.5607807854297511,0.4392192145702489,22.42208333333333
2016-05-16,0.4893288517754186,0.5106711482245814,34.09541666666667
2016-05-17,0.5131890253701932,0.4868109746298068,41.22875000000001
2016-05-18,0.5473244405351333,0.4526755594648667,39.680416666666666
2016-05-19,0.5193137328759934,0.4806862671240066,40.26625000000001
2016-05-20,0.6082515401896519,0.3917484598103481,39.31708333333333
2016-05-21,0.6188809223200323,0.3811190776799677,28.499166666666678
2016-05-22,0.4909581393321281,0.5090418606678719,21.219166666666666
2016-05-23,0.525466021912853,0.474533978087147,41.06208333333335
2016-05-24,0.4526220136218392,0.5473779863781607,40.61875
2016-05-25,0.4648483356316705,0.5351516643683295,43.44875
2016-05-26,0.4803002906397651,0.5196997093602349,44.39916666666666
2016-05-27,0.5314863362459826,0.4685136637540174,43.084999999999994
2016-05-28,0.5485758450337329,0.45142415496626703,31.188749999999995
2016-05-29,0.4542719985977341,0.5457280014022661,24.06583333333333
2016-05-30,0.4656479078548023,0.5343520921451977,43.51083333333333
2016-05-31,0.508001035488514,0.491998964511486,44.59083333333334
2016-06-01,0.4148814590949688,0.5851185409050312,44.93125000000001
2016-06-02,0.4184615884590444,0.5815384115409556,47.18541666666667
2016-06-03,0.4286115273627265,0.5713884726372735,47.03833333333333
2016-06-04,0.37997959065940695,0.620020409340593,46.17083333333333
2016-06-05,0.3804668573485898,0.6195331426514101,47.66833333333333
2016-06-06,0.35994426626074616,0.6400557337392538,50.85124999999999
2016-06-07,0.3623133440175673,0.6376866559824328,51.26624999999999
2016-06-08,0.3345397383285065,0.6654602616714935,49.14208333333334
2016-06-09,0.4230152669892599,0.5769847330107399,48.47166666666666
2016-06-10,0.39626623703061264,0.6037337629693873,46.30583333333333
2016-06-11,0.4213715446142551,0.5786284553857448,45.90958333333333
2016-06-12,0.5163240756856515,0.4836759243143485,43.96458333333333
2016-06-13,0.5232949457009531,0.4767050542990469,43.64416666666667
2016-06-14,0.525120700960069,0.474879299039931,43.75208333333334
2016-06-15,0.4838697671996013,0.5161302328003987,40.29875000000001
2016-06-16,0.4045551018984313,0.5954448981015688,45.30916666666667
2016-06-17,0.4470452694945203,0.5529547305054797,51.10416666666666
2016-06-18,0.4635866691179204,0.5364133308820797,42.54625000000001
2016-06-19,0.39968452155755546,0.6003154784424445,40.32833333333335
2016-06-20,0.3941370200337487,0.6058629799662514,48.76333333333332
2016-06-21,0.4574083768466815,0.5425916231533185,49.395
2016-06-22,0.4266128423267926,0.5733871576732075,45.62416666666667
2016-06-23,0.4117852948027631,0.5882147051972368,46.72291666666666
2016-06-24,0.4815400156425337,0.5184599843574663,45.27833333333334
2016-06-25,0.5132774410475927,0.4867225589524074,41.545
2016-06-26,0.4134916530158316,0.5865083469841684,33.87833333333332
2016-06-27,0.3354529264325914,0.6645470735674086,46.06291666666666
2016-06-28,0.3255259071383559,0.6744740928616442,50.383750000000006
2016-06-29,0.3177268880800575,0.6822731119199426,52.40875
2016-06-30,0.318410845490198,0.6815891545098021,52.61833333333333
2016-07-01,0.3729251823606768,0.6270748176393233,49.83208333333334
2016-07-02,0.4280741958906872,0.5719258041093128,45.03
2016-07-03,0.3535698022916839,0.6464301977083161,41.67083333333333
2016-07-04,0.3346872899707498,0.6653127100292502,49.14833333333333
2016-07-05,0.3222600777586104,0.6777399222413896,48.82416666666666
2016-07-06,0.2692949145523438,0.7307050854476562,49.12166666666667
2016-07-07,0.28952435387877623,0.7104756461212238,50.34833333333333
2016-07-08,0.3547723673541118,0.6452276326458882,49.2925
2016-07-09,0.34777517872863084,0.6522248212713692,47.25708333333333
2016-07-10,0.35087543236805485,0.6491245676319451,45.089166666666664
2016-07-11,0.3739759597199694,0.6260240402800306,49.77208333333334
2016-07-12,0.42511561614011467,0.5748843838598854,48.10083333333332
2016-07-13,0.4562998882088589,0.5437001117911411,46.14500000000001
2016-07-14,0.42995550656461207,0.5700444934353879,45.25833333333333
2016-07-15,0.3830322570815136,0.6169677429184863,46.77416666666666
2016-07-16,0.3605807914148991,0.6394192085851009,45.4075
2016-07-17,0.366026922850072,0.633973077149928,46.61125000000001
2016-07-18,0.3327728191797344,0.6672271808202657,49.41791666666666
2016-07-19,0.31409362307909744,0.6859063769209026,48.42083333333332
2016-07-20,0.29132868469703904,0.7086713153029609,49.20416666666667
2016-07-21,0.3875872781730918,0.6124127218269082,50.57708333333334
2016-07-22,0.439795670102654,0.560204329897346,47.92625
2016-07-23,0.4265619105687519,0.5734380894312481,44.6625
2016-07-24,0.3696362479256203,0.6303637520743797,43.72166666666666
2016-07-25,0.37594015998062574,0.6240598400193742,47.73999999999999
2016-07-26,0.375597699858156,0.6244023001418441,48.11791666666666
2016-07-27,0.3301690177212577,0.6698309822787423,48.75833333333335
2016-07-28,0.31578385166815914,0.6842161483318409,49.67
2016-07-29,0.35980310704268315,0.6401968929573169,51.46083333333335
2016-07-30,0.4049739331747754,0.5950260668252245,46.07375000000001
2016-07-31,0.3433970405572642,0.6566029594427358,42.83875
2016-08-01,0.3171178468800862,0.6828821531199138,48.85041666666667
2016-08-02,0.3070405078133897,0.6929594921866102,48.45458333333333
2016-08-03,0.3507525279185387,0.6492474720814614,50.74791666666667
2016-08-04,0.40456953730735296,0.595430462692647,48.49458333333334
2016-08-05,0.483470369839779,0.516529630160221,46.845
2016-08-06,0.4842431678957592,0.5157568321042407,44.94208333333333
2016-08-07,0.4370897042921848,0.5629102957078151,40.55375
2016-08-08,0.4916578347948045,0.5083421652051956,48.60083333333333
2016-08-09,0.5400446853048957,0.4599553146951043,45.04374999999999
2016-08-10,0.4963973298796441,0.503602670120356,43.32375
2016-08-11,0.3827022122935974,0.6172977877064025,46.38416666666666
2016-08-12,0.3831131975316357,0.6168868024683642,48.72666666666666
2016-08-13,0.3913050877661214,0.6086949122338786,47.104166666666686
2016-08-14,0.3594983419374128,0.6405016580625873,46.12291666666667
2016-08-15,0.2971785154306291,0.7028214845693709,48.75791666666667
2016-08-16,0.2988525849618301,0.7011474150381698,51.231666666666676
2016-08-17,0.3051001222454135,0.6948998777545865,49.76375
2016-08-18,0.3269845164673305,0.6730154835326695,49.98500000000001
2016-08-19,0.3908798231580776,0.6091201768419224,49.075
2016-08-20,0.40754143896135947,0.5924585610386406,45.58625000000001
2016-08-21,0.3237560088537413,0.6762439911462587,44.56916666666666
2016-08-22,0.3267319792225107,0.6732680207774893,48.02666666666668
2016-08-23,0.3703465623149959,0.6296534376850041,48.06958333333333
2016-08-24,0.3656422640447069,0.6343577359552932,48.1275
2016-08-25,0.3318516705033439,0.6681483294966561,47.65208333333334
2016-08-26,0.3089118445466537,0.6910881554533463,48.07041666666667
2016-08-27,0.31111578904654424,0.6888842109534558,47.25458333333333
2016-08-28,0.3729447580284004,0.6270552419715996,47.02958333333334
2016-08-29,0.32267750580359705,0.6773224941964029,48.28833333333333
2016-08-30,0.3073904386615616,0.6926095613384384,50.07
2016-08-31,0.30241654138196183,0.6975834586180382,49.54583333333333
2016-09-01,0.2687762706039512,0.7312237293960488,50.192083333333336
2016-09-02,0.2635590705957789,0.7364409294042211,52.22541666666666
2016-09-03,0.2695833975184164,0.7304166024815836,48.97083333333333
2016-09-04,0.2898696224101741,0.7101303775898259,48.64333333333333
2016-09-05,0.2587887700081063,0.7412112299918937,54.45874999999998
2016-09-06,0.2688785270665409,0.7311214729334591,55.67124999999999
2016-09-07,0.2773904831472386,0.7226095168527614,55.1175
2016-09-08,0.2601558843830009,0.7398441156169989,51.96541666666666
2016-09-09,0.24272364588402576,0.7572763541159743,53.18041666666666
2016-09-10,0.2662627565407251,0.7337372434592748,48.410833333333336
2016-09-11,0.3579666934430447,0.6420333065569552,47.20000000000001
2016-09-12,0.3718487383130531,0.6281512616869469,50.26624999999999
2016-09-13,0.3717509796450923,0.6282490203549077,49.77250000000001
2016-09-14,0.3748882062687356,0.6251117937312645,49.96750000000001
2016-09-15,0.3743293205709808,0.6256706794290192,50.68833333333334
2016-09-16,0.4262513042970628,0.5737486957029372,49.33583333333333
2016-09-17,0.4054643981634512,0.5945356018365489,46.45875
2016-09-18,0.32353324258180943,0.6764667574181906,43.03041666666666
2016-09-19,0.2936898656654189,0.7063101343345809,49.39499999999999
2016-09-20,0.24890270653364416,0.7510972934663558,50.58083333333335
2016-09-21,0.2416586013152344,0.7583413986847656,52.66249999999997
2016-09-22,0.2459092594577225,0.7540907405422774,52.82291666666666
2016-09-23,0.32234690070490635,0.6776530992950937,53.459999999999994
2016-09-24,0.2844790347450119,0.7155209652549881,46.75333333333333
2016-09-25,0.24065533811608605,0.7593446618839139,45.8025
2016-09-26,0.3061845037960383,0.6938154962039618,53.01541666666666
2016-09-27,0.3310913685479601,0.6689086314520398,50.40541666666665
2016-09-28,0.30144363383703643,0.6985563661629636,50.11416666666667
2016-09-29,0.28448745272269443,0.7155125472773056,50.35791666666666
2016-09-30,0.251866416432366,0.748133583567634,51.90541666666666
2016-10-01,0.2478042665262853,0.7521957334737147,51.9275
2016-10-02,0.2858096321386085,0.7141903678613915,52.25125000000001
2016-10-03,0.2611064430513315,0.7388935569486685,56.932083333333324
2016-10-04,0.2927800002588396,0.7072199997411603,60.17416666666667
2016-10-05,0.2546674254927761,0.7453325745072239,58.76083333333333
2016-10-06,0.21885513975861826,0.7811448602413817,60.61791666666667
2016-10-07,0.25719438290040136,0.7428056170995987,62.69
2016-10-08,0.3510810837857914,0.6489189162142086,55.60291666666668
2016-10-09,0.2656637924054259,0.7343362075945741,50.38583333333333
2016-10-10,0.2565939668605368,0.7434060331394632,62.68749999999999
2016-10-11,0.2564188573410112,0.7435811426589889,62.78125
2016-10-12,0.20367576665155696,0.796324233348443,58.66416666666667
2016-10-13,0.30847798051441866,0.6915220194855813,64.13208333333331
2016-10-14,0.3545880185122744,0.6454119814877256,61.76458333333334
2016-10-15,0.30169453366645776,0.6983054663335422,52.97458333333334
2016-10-16,0.1799466765863474,0.8200533234136526,54.16541666666668
2016-10-17,0.2084613923711672,0.7915386076288328,67.21000000000001
2016-10-18,0.203463878889851,0.7965361211101489,64.45333333333333
2016-10-19,0.23349896644085344,0.7665010335591466,66.325
2016-10-20,0.21411719690596176,0.7858828030940382,65.86875
2016-10-21,0.2487913663163306,0.7512086336836694,65.6425
2016-10-22,0.400636498705697,0.599363501294303,58.2175
2016-10-23,0.2530335400101768,0.7469664599898231,48.94708333333333
2016-10-24,0.21818485851981806,0.7818151414801819,62.30500000000001
2016-10-25,0.19613385319396015,0.8038661468060398,66.05791666666666
2016-10-26,0.2504646472795373,0.7495353527204627,66.30083333333333
2016-10-27,0.2363194515649262,0.7636805484350738,63.17208333333334
2016-10-28,0.2433392800004765,0.7566607199995234,64.26416666666667
2016-10-29,0.21456311823889904,0.7854368817611009,60.20583333333335
2016-10-30,0.2338734943366848,0.7661265056633152,59.35041666666667
2016-10-31,0.21895893270193312,0.7810410672980669,61.44083333333334
2016-11-01,0.1897469825470557,0.8102530174529443,57.84708333333333
2016-11-02,0.16991876834959085,0.8300812316504091,68.29083333333334
2016-11-03,0.22787669823868384,0.7721233017613162,69.55958333333332
2016-11-04,0.3961044588311474,0.6038955411688526,67.50874999999999
2016-11-05,0.3913804102584354,0.6086195897415646,56.82041666666667
2016-11-06,0.3256320217469398,0.6743679782530603,53.95041666666666
2016-11-07,0.4102945657294684,0.5897054342705316,64.68750000000001
2016-11-08,0.3970887910269033,0.6029112089730967,60.56333333333333
2016-11-09,0.3048262983526833,0.6951737016473167,59.35208333333333
2016-11-10,0.28481051995531936,0.7151894800446806,66.22374999999998
2016-11-11,0.22568641958671576,0.7743135804132842,67.24666666666668
2016-11-12,0.3525988656953335,0.6474011343046665,64.72375000000001
2016-11-13,0.4144109164512693,0.5855890835487307,58.22374999999999
2016-11-14,0.32897002421939386,0.6710299757806062,60.88166666666666
2016-11-15,0.204300977462406,0.7956990225375941,65.60166666666666
2016-11-16,0.20562823589336424,0.7943717641066357,70.22250000000001
2016-11-17,0.267307484857365,0.732692515142635,67.88
2016-11-18,0.3507673126644452,0.6492326873355548,64.66791666666667
2016-11-19,0.4985598346426934,0.5014401653573066,59.09791666666666
2016-11-20,0.4128956711518221,0.5871043288481779,47.82333333333333
2016-11-21,0.1887467957469854,0.8112532042530146,53.53541666666667
2016-11-22,0.3027556896602489,0.6972443103397511,68.81791666666668
2016-11-23,0.2823359155410305,0.7176640844589695,63.21333333333333
2016-11-24,0.2854405605807952,0.7145594394192047,63.07708333333333
2016-11-25,0.3557231804818365,0.6442768195181635,61.92708333333334
2016-11-26,0.3034006116546673,0.6965993883453327,55.31833333333334
2016-11-27,0.2284394096213929,0.7715605903786071,58.05083333333334
2016-11-28,0.24364372472432325,0.7563562752756767,68.61208333333335
2016-11-29,0.3694849609005413,0.6305150390994587,70.60166666666667
2016-11-30,0.2325499094444634,0.7674500905555366,63.45416666666668
2016-12-01,0.20363822688320168,0.7963617731167983,71.22916666666667
2016-12-02,0.3087138618578831,0.6912861381421169,72.74833333333333
2016-12-03,0.38683376474196535,0.6131662352580347,62.10083333333333
2016-12-04,0.2768745130512625,0.7231254869487375,55.11166666666666
2016-12-05,0.20742485044422965,0.7925751495557704,68.47916666666667
2016-12-06,0.2311770723891402,0.7688229276108598,69.85875000000001
2016-12-07,0.3122345604683929,0.6877654395316071,69.70666666666666
2016-12-08,0.335564168414917,0.664435831585083,60.61916666666667
2016-12-09,0.28217890812056984,0.7178210918794301,63.43291666666667
2016-12-10,0.2406855728845066,0.7593144271154935,64.42833333333333
2016-12-11,0.2000195377992649,0.7999804622007352,66.82874999999999
2016-12-12,0.1956163214321236,0.8043836785678764,72.02916666666668
2016-12-13,0.22588429894762646,0.7741157010523736,72.36041666666667
2016-12-14,0.22859228220821104,0.7714077177917891,71.82833333333333
2016-12-15,0.2815891839366153,0.7184108160633846,73.55083333333333
2016-12-16,0.3970032931336216,0.6029967068663784,71.69875
2016-12-17,0.3622748075220665,0.6377251924779335,61.946250000000006
2016-12-18,0.33316072678047803,0.666839273219522,61.09083333333333
2016-12-19,0.3083416908243393,0.6916583091756607,72.40375
2016-12-20,0.2799833468520886,0.7200166531479114,71.19375000000002
2016-12-21,0.2078973462137937,0.7921026537862064,71.59166666666668
2016-12-22,0.21415605818634392,0.7858439418136559,72.80833333333334
2016-12-23,0.2460569498585745,0.7539430501414255,71.86791666666667
2016-12-24,0.22522262935855455,0.7747773706414454,63.60999999999999
2016-12-25,0.22103022091183774,0.7789697790881622,59.29791666666666
2016-12-26,0.2204726998553444,0.7795273001446557,63.94083333333332
2016-12-27,0.23884421247479115,0.7611557875252088,69.87541666666665
2016-12-28,0.230609564605155,0.769390435394845,66.20416666666668
2016-12-29,0.20231530530165975,0.7976846946983402,66.76041666666667
2016-12-30,0.20111394138835306,0.7988860586116471,70.30958333333332
2017-01-01,0.2609231698297916,0.7390768301702084,60.66708333333332
2017-01-02,0.2484243759193301,0.7515756240806699,68.48208333333334
2017-01-03,0.29464497722425564,0.7053550227757444,73.77541666666666
2017-01-04,0.3179933626829295,0.6820066373170706,73.26958333333333
2017-01-05,0.2646641908964873,0.7353358091035127,72.37333333333333
2017-01-06,0.2657491837860841,0.7342508162139159,73.3125
2017-01-07,0.2994630930348594,0.7005369069651406,72.41041666666666
2017-01-08,0.30830692714477137,0.6916930728552286,67.145
2017-01-09,0.4035915880536393,0.5964084119463607,79.7516666666667
2017-01-10,0.3388315391297225,0.6611684608702775,73.99708333333334
2017-01-11,0.3368024699704367,0.6631975300295633,81.40041666666666
2017-01-12,0.3805007711051221,0.619499228894878,82.66125
2017-01-13,0.36342709869783496,0.636572901302165,76.95500000000001
2017-01-14,0.38107224212744506,0.6189277578725549,72.17583333333334
2017-01-15,0.42560450433322794,0.5743954956667721,69.49125
2017-01-16,0.4449065544959424,0.5550934455040576,77.36
2017-01-17,0.36752062587728623,0.6324793741227137,81.19583333333334
2017-01-18,0.32706202911126303,0.6729379708887371,87.07708333333332
2017-01-19,0.27185906995552234,0.7281409300444777,93.81749999999998
2017-01-20,0.26925007199683376,0.7307499280031662,97.27375
2017-01-21,0.32006378108851696,0.6799362189114828,86.07041666666666
2017-01-22,0.3161474130475184,0.6838525869524816,79.31458333333332
2017-01-23,0.3271045142089073,0.6728954857910927,92.20625
2017-01-24,0.27906535739396915,0.7209346426060308,95.71291666666669
2017-01-25,0.30500055181364505,0.694999448186355,98.98291666666668
2017-01-26,0.3598676593194034,0.6401323406805965,94.44541666666665
2017-01-27,0.3743690742287896,0.6256309257712104,83.41625000000002
2017-01-28,0.3137818186856224,0.6862181813143776,68.46708333333332
2017-01-29,0.30534555515481626,0.6946544448451837,69.88791666666667
2017-01-30,0.2716243632660507,0.7283756367339493,79.21541666666667
2017-01-31,0.3146777221918192,0.6853222778081808,82.36000000000003
2017-02-01,0.4553464606835471,0.5446535393164529,76.43874999999998
2017-02-02,0.4705033942961809,0.5294966057038191,58.40125
2017-02-03,0.5148302686228933,0.4851697313771067,57.26333333333332
2017-02-04,0.5701690424730216,0.4298309575269784,53.38833333333332
2017-02-05,0.4899697150096417,0.5100302849903583,40.47416666666667
2017-02-06,0.41069964934991104,0.5893003506500889,60.88833333333332
2017-02-07,0.43524759254699424,0.5647524074530057,63.77916666666667
2017-02-08,0.333700952424252,0.6662990475757479,63.91875000000002
2017-02-09,0.3239507781720674,0.6760492218279326,69.20833333333331
2017-02-10,0.3995574904757779,0.6004425095242221,72.50791666666667
2017-02-11,0.5374223949932039,0.4625776050067961,60.78875000000002
2017-02-12,0.443946505567038,0.556053494432962,50.004583333333336
2017-02-13,0.32810892663609026,0.6718910733639097,59.92958333333333
2017-02-14,0.3181783697365428,0.6818216302634572,64.13708333333334
2017-02-15,0.27713812809914234,0.7228618719008577,64.37249999999999
2017-02-16,0.2422734499336788,0.7577265500663212,64.77208333333333
2017-02-17,0.23197691242719576,0.7680230875728042,66.85375
2017-02-18,0.3671102628207063,0.6328897371792936,59.60208333333335
2017-02-19,0.34728395144955354,0.6527160485504464,53.38583333333333
2017-02-20,0.3457828792541186,0.6542171207458813,60.75333333333332
2017-02-21,0.2832261783059173,0.7167738216940827,58.67999999999999
2017-02-22,0.2614785984918692,0.7385214015081308,60.08541666666667
2017-02-23,0.3810128775959542,0.6189871224040457,62.41374999999999
2017-02-24,0.31638468102420003,0.6836153189758,58.36333333333332
2017-02-25,0.2969834153532929,0.7030165846467071,56.94041666666666
2017-02-26,0.4759977731479958,0.5240022268520041,54.64125000000001
2017-02-27,0.5240839041014835,0.4759160958985165,53.0375
2017-02-28,0.39476075889351975,0.6052392411064802,49.43000000000001
2017-03-01,0.3579024561000412,0.6420975438999588,56.37708333333333
2017-03-02,0.5185560534702746,0.4814439465297254,57.51583333333333
2017-03-03,0.5140392851812864,0.4859607148187136,48.39291666666667
2017-03-04,0.4951925356583308,0.5048074643416692,44.13666666666668
2017-03-05,0.5323678308963466,0.4676321691036534,37.16625
2017-03-06,0.4865045547493168,0.5134954452506832,52.017083333333346
2017-03-07,0.3674154192441266,0.6325845807558734,55.78416666666666
2017-03-08,0.3629581728622568,0.6370418271377432,56.32249999999999
2017-03-09,0.3594080526328243,0.6405919473671757,56.62958333333333
2017-03-10,0.40316048095598495,0.596839519044015,56.255
2017-03-11,0.5135975914643607,0.4864024085356393,53.38791666666666
2017-03-12,0.545693782271477,0.4543062177285229,32.60166666666667
2017-03-13,0.5236136401903154,0.4763863598096846,41.72083333333333
2017-03-14,0.4746880336018938,0.5253119663981063,47.05541666666667
2017-03-15,0.4513416359282314,0.5486583640717686,52.37708333333334
2017-03-16,0.4114734078393947,0.5885265921606053,52.56458333333334
2017-03-17,0.3928073878703681,0.6071926121296318,53.55041666666667
2017-03-18,0.35528330855250123,0.6447166914474988,50.83291666666668
2017-03-19,0.3676270290830783,0.6323729709169217,53.19333333333333
2017-03-20,0.451084184784736,0.548915815215264,54.4775
2017-03-21,0.4941843501252577,0.5058156498747424,52.46166666666666
2017-03-22,0.4088514903949031,0.5911485096050969,46.40125000000001
2017-03-23,0.3345609199200398,0.6654390800799602,53.29791666666667
2017-03-24,0.42923256332217136,0.5707674366778286,57.99791666666666
2017-03-25,0.4671318568866247,0.5328681431133753,47.642083333333346
2017-03-26,0.4196243317445945,0.5803756682554055,43.66708333333335
2017-03-27,0.3422379765771735,0.6577620234228265,53.29
2017-03-28,0.3619337712621488,0.6380662287378512,55.04708333333333
2017-03-29,0.43400802393368254,0.5659919760663175,55.06083333333333
2017-03-30,0.468346927683162,0.531653072316838,52.39541666666666
2017-03-31,0.5308946544405212,0.4691053455594788,49.05875
2017-04-01,0.4548658925822417,0.5451341074177583,41.055
2017-04-02,0.3759543957726185,0.6240456042273814,44.36249999999999
2017-04-03,0.4434320039981623,0.5565679960018377,56.40625000000002
2017-04-04,0.4998150653936788,0.5001849346063212,52.01208333333332
2017-04-05,0.5046884764285903,0.4953115235714097,47.27333333333334
2017-04-06,0.401832345704038,0.598167654295962,46.86291666666667
2017-04-07,0.3889365913727472,0.6110634086272528,53.96458333333334
2017-04-08,0.4040469426275168,0.5959530573724832,55.39250000000001
2017-04-09,0.3811639038785437,0.6188360961214563,51.99791666666667
2017-04-10,0.3988279196737784,0.6011720803262216,55.83416666666668
2017-04-11,0.3423514254632405,0.6576485745367595,55.31625
2017-04-12,0.3273743219643773,0.6726256780356227,58.78833333333333
2017-04-13,0.33999382809626777,0.6600061719037322,56.544583333333314
2017-04-14,0.404952195094769,0.5950478049052309,55.07458333333332
2017-04-15,0.3876307706813379,0.6123692293186621,51.29958333333335
2017-04-16,0.3327949512912489,0.6672050487087511,49.90833333333333
2017-04-17,0.4612911779511735,0.5387088220488265,56.12041666666667
2017-04-18,0.5471248789329881,0.4528751210670119,50.43125000000001
2017-04-19,0.5073886072783749,0.4926113927216251,47.15458333333334
2017-04-20,0.4622468195116226,0.5377531804883773,48.24333333333333
2017-04-21,0.3738559676140418,0.6261440323859582,52.25208333333333
2017-04-22,0.30204004849237226,0.6979599515076278,53.55041666666667
2017-04-23,0.30068357381950805,0.6993164261804921,55.52708333333334
2017-04-24,0.3643049124136627,0.6356950875863373,60.72916666666666
2017-04-25,0.4365558326668716,0.5634441673331284,55.43000000000001
2017-04-26,0.4402529327642335,0.5597470672357665,53.76125000000001
2017-04-27,0.4262653236522017,0.5737346763477983,51.89833333333333
2017-04-28,0.3903540400405505,0.6096459599594495,54.93958333333334
2017-04-29,0.5244831313526981,0.4755168686473019,51.2875
2017-04-30,0.3986020125649995,0.6013979874350005,28.371666666666666
2017-05-01,0.2997109581904617,0.7002890418095383,49.44750000000001
2017-05-02,0.3322643458906317,0.6677356541093683,57.86124999999999
2017-05-03,0.3314666012025336,0.6685333987974664,55.20416666666667
2017-05-04,0.4586134575256925,0.5413865424743076,54.34541666666666
2017-05-05,0.4497126562822424,0.5502873437177576,49.93166666666666
2017-05-06,0.35144348571014633,0.6485565142898537,49.48333333333333
2017-05-07,0.3745230763510399,0.6254769236489601,52.67083333333332
2017-05-08,0.3606279244109458,0.6393720755890542,55.54
2017-05-09,0.3706168674341278,0.6293831325658722,56.88791666666666
2017-05-10,0.5303838008657452,0.4696161991342548,52.95291666666666
2017-05-11,0.4932075795081571,0.5067924204918429,48.04
2017-05-12,0.4440224328025725,0.5559775671974274,50.53625
2017-05-13,0.3795264216541264,0.6204735783458736,49.66624999999999
2017-05-14,0.3281692740390601,0.67183072596094,51.62541666666666
2017-05-15,0.3224121513306252,0.6775878486693748,55.8475
2017-05-16,0.35670217448820946,0.6432978255117905,57.19875
2017-05-17,0.43959254638864975,0.5604074536113502,54.09083333333334
2017-05-18,0.3718005374478657,0.6281994625521343,49.59666666666667
2017-05-19,0.3643540437250483,0.6356459562749517,53.70541666666665
2017-05-20,0.4276257573529504,0.5723742426470496,51.715
2017-05-21,0.3500555400387204,0.6499444599612796,48.37083333333334
2017-05-22,0.4105052820680322,0.5894947179319678,55.51833333333334
2017-05-23,0.3628861471350621,0.6371138528649378,52.9675
2017-05-24,0.3205743328438018,0.6794256671561982,55.32749999999999
2017-05-25,0.3067708178843633,0.6932291821156367,59.18791666666666
2017-05-26,0.3999665911937733,0.6000334088062267,58.66541666666666
2017-05-27,0.4165073241709952,0.5834926758290048,53.68625
2017-05-28,0.303501066499256,0.6964989335007441,51.80208333333335
2017-05-29,0.28325789513132904,0.7167421048686708,58.3
2017-05-30,0.30116834405322673,0.6988316559467733,58.74125
2017-05-31,0.29722949467568577,0.7027705053243143,59.45791666666668
2017-06-01,0.30219230085687937,0.6978076991431206,60.19291666666666
2017-06-02,0.3622946386678216,0.6377053613321784,57.93208333333334
2017-06-03,0.3974090500977758,0.6025909499022242,53.99416666666667
2017-06-04,0.4133814291532793,0.5866185708467206,50.24083333333334
2017-06-05,0.3497847846016159,0.6502152153983841,54.39833333333333
2017-06-06,0.3075922561772535,0.6924077438227465,53.90541666666667
2017-06-07,0.3551532576377091,0.6448467423622909,55.33333333333334
2017-06-08,0.2593058120221053,0.7406941879778948,53.6025
2017-06-09,0.2921017363203068,0.7078982636796932,57.10458333333333
2017-06-10,0.35858774077691963,0.6414122592230804,53.88833333333334
2017-06-11,0.3810004532348789,0.6189995467651211,50.06666666666667
2017-06-12,0.3266680551204804,0.6733319448795196,55.24416666666666
2017-06-13,0.2619920615790796,0.7380079384209204,56.71791666666667
2017-06-14,0.2757369649583465,0.7242630350416535,59.28374999999999
2017-06-15,0.3204649874815597,0.6795350125184403,58.82625
2017-06-16,0.3284659319012947,0.6715340680987053,57.77833333333334
2017-06-17,0.3158881433117103,0.6841118566882898,55.63249999999999
2017-06-18,0.3113396233543013,0.6886603766456987,56.24625000000001
2017-06-19,0.25626262594713084,0.7437373740528692,59.916666666666686
2017-06-20,0.21563482662910907,0.7843651733708911,60.1975
2017-06-21,0.2126604463894549,0.7873395536105452,62.77208333333334
2017-06-22,0.244628416015704,0.7553715839842958,61.29208333333335
2017-06-23,0.2694532468091308,0.7305467531908691,59.04791666666666
2017-06-24,0.2716037313378897,0.7283962686621104,56.58083333333333
2017-06-25,0.2693836973813114,0.7306163026186886,53.53416666666666
2017-06-26,0.3759439787025141,0.6240560212974859,60.79791666666667
2017-06-27,0.5451560689496681,0.454843931050332,56.84374999999999
2017-06-28,0.4913394110120321,0.508660588987968,51.24041666666667
2017-06-29,0.435070237748494,0.564929762251506,52.02208333333334
2017-06-30,0.3919397231165168,0.6080602768834833,52.71749999999998
2017-07-01,0.44375653611376864,0.5562434638862314,50.62666666666667
2017-07-02,0.3488315045338865,0.6511684954661134,49.42625
2017-07-03,0.3321237102668545,0.6678762897331455,54.86291666666665
2017-07-04,0.30516902171911353,0.6948309782808865,55.08041666666667
2017-07-05,0.27457564976241233,0.7254243502375877,55.56791666666667
2017-07-06,0.2822761326184933,0.7177238673815067,58.60708333333334
2017-07-07,0.29564715546996384,0.7043528445300362,56.10916666666666
2017-07-08,0.2706484354879484,0.7293515645120516,54.0425
2017-07-09,0.273211257916785,0.726788742083215,52.12041666666667
2017-07-10,0.22499452218224675,0.7750054778177533,55.38541666666666
2017-07-11,0.23405728763224135,0.7659427123677587,56.99875
2017-07-12,0.2534565446611093,0.7465434553388907,57.17125000000002
2017-07-13,0.33283103652444146,0.6671689634755585,59.45833333333334
2017-07-14,0.3790263518679505,0.6209736481320496,56.04041666666668
2017-07-15,0.36245503597372297,0.637544964026277,53.04416666666666
2017-07-16,0.3236687846227862,0.6763312153772139,53.28916666666666
2017-07-17,0.35575030100891497,0.6442496989910851,56.361666666666686
2017-07-18,0.31523175768084233,0.6847682423191577,56.2475
2017-07-19,0.2818521203938019,0.7181478796061981,55.64000000000001
2017-07-20,0.27287558542537715,0.7271244145746228,55.897499999999994
2017-07-21,0.2923080493528009,0.7076919506471991,56.78
2017-07-22,0.3145494433335167,0.6854505566664832,53.94416666666668
2017-07-23,0.3652629565747097,0.6347370434252904,52.96916666666666
2017-07-24,0.3779571231705421,0.6220428768294579,54.82041666666667
2017-07-25,0.2706093925272197,0.7293906074727803,55.625
2017-07-26,0.2431774844914443,0.7568225155085557,58.00208333333334
2017-07-27,0.24441963214055826,0.7555803678594417,59.98541666666668
2017-07-28,0.3260219407192792,0.6739780592807207,58.06791666666666
2017-07-29,0.3187171398119956,0.6812828601880043,54.47833333333333
2017-07-30,0.2872956085499568,0.7127043914500433,50.65750000000001
2017-07-31,0.21381248629058885,0.7861875137094112,55.45791666666666
2017-08-01,0.2409041346948449,0.7590958653051552,56.76166666666666
2017-08-02,0.23664223087591654,0.7633577691240834,56.95958333333334
2017-08-03,0.2441247251122057,0.7558752748877943,57.12624999999999
2017-08-04,0.353454491338975,0.646545508661025,56.62000000000001
2017-08-05,0.4396106203476388,0.5603893796523611,52.20874999999999
2017-08-06,0.32751874754104576,0.6724812524589543,49.64708333333334
2017-08-07,0.3582219622619438,0.6417780377380562,54.33374999999999
2017-08-08,0.37803928330312747,0.6219607166968726,53.30833333333334
2017-08-09,0.4330336259392357,0.5669663740607643,51.75875
2017-08-10,0.3895222826404552,0.6104777173595448,51.88499999999999
2017-08-11,0.3639175966028585,0.6360824033971415,51.15833333333334
2017-08-12,0.3810282269759135,0.6189717730240865,50.695
2017-08-13,0.3727564876969697,0.6272435123030302,49.44374999999999
2017-08-14,0.3000883991679112,0.6999116008320888,52.62291666666667
2017-08-15,0.24461208155050676,0.7553879184494933,50.88333333333333
2017-08-16,0.2551408918778469,0.7448591081221532,55.20333333333334
2017-08-17,0.30055386484586377,0.6994461351541362,54.70624999999999
2017-08-18,0.3966307083402535,0.6033692916597465,53.63916666666668
2017-08-19,0.4286335601740669,0.5713664398259332,50.15333333333334
2017-08-20,0.2999121923210338,0.7000878076789663,48.64416666666666
2017-08-21,0.2742010372758948,0.7257989627241053,55.19625
2017-08-22,0.2547089974579011,0.7452910025420989,56.35208333333333
2017-08-23,0.2924951288934865,0.7075048711065135,56.23958333333334
2017-08-24,0.25901222266099044,0.7409877773390096,55.80958333333333
2017-08-25,0.2806267656742022,0.7193732343257978,57.05708333333333
2017-08-26,0.3008407310081179,0.6991592689918821,55.39374999999999
2017-08-27,0.23762572295614956,0.7623742770438504,54.51791666666665
2017-08-28,0.19881226690976966,0.8011877330902304,57.88166666666666
2017-08-29,0.2183398787102851,0.7816601212897151,59.12749999999999
2017-08-30,0.30022729860283404,0.699772701397166,57.16958333333332
2017-08-31,0.3779670636108817,0.6220329363891183,53.89583333333334
2017-09-01,0.3894166807800285,0.6105833192199714,53.68958333333333
2017-09-02,0.2962180976448763,0.7037819023551237,51.30041666666666
2017-09-03,0.2614791035103134,0.7385208964896866,53.52833333333334
2017-09-04,0.2442746955465347,0.7557253044534653,56.40416666666665
2017-09-05,0.3613020880007297,0.6386979119992704,56.90666666666666
2017-09-06,0.31939597373266565,0.6806040262673343,54.14625
2017-09-07,0.2594142484341712,0.7405857515658287,55.58625
2017-09-08,0.4531619877024135,0.5468380122975866,56.97
2017-09-09,0.4604597341361446,0.5395402658638554,47.08958333333333
2017-09-10,0.407682754613826,0.5923172453861739,46.63958333333333
2017-09-11,0.301601691769892,0.6983983082301078,53.42291666666666
2017-09-12,0.28970528327096445,0.7102947167290355,56.58000000000001
2017-09-13,0.3518908223669439,0.6481091776330561,56.07041666666667
2017-09-14,0.3821209438995211,0.6178790561004789,53.9125
2017-09-15,0.32496271471575444,0.6750372852842456,54.19333333333335
2017-09-16,0.281994466596797,0.7180055334032031,55.19291666666666
2017-09-17,0.3409676592557751,0.6590323407442249,54.55458333333333
2017-09-18,0.2821877166429547,0.7178122833570453,55.572499999999984
2017-09-19,0.21765726254486856,0.7823427374551315,58.10833333333333
2017-09-20,0.23327320905565024,0.7667267909443498,59.93333333333334
2017-09-21,0.29063387557591097,0.7093661244240891,57.22458333333333
2017-09-22,0.28546703412266033,0.7145329658773396,57.33708333333335
2017-09-23,0.2779107126459404,0.7220892873540596,56.92124999999999
2017-09-24,0.2875223672533182,0.7124776327466817,55.965
2017-09-25,0.2130388702041116,0.7869611297958884,58.17083333333333
2017-09-26,0.2032018071550247,0.7967981928449753,59.29666666666667
2017-09-27,0.2190453410167993,0.7809546589832007,60.83791666666667
2017-09-28,0.2009247064499184,0.7990752935500817,60.53249999999999
2017-09-29,0.18748473849709085,0.8125152615029092,60.18666666666667
2017-09-30,0.2369740201474605,0.7630259798525394,58.57125
2017-10-01,0.25972183649533714,0.7402781635046629,57.13916666666668
2017-10-02,0.2310368609689891,0.7689631390310109,63.285833333333336
2017-10-03,0.2250389798466739,0.7749610201533261,64.81208333333332
2017-10-04,0.24664182879683624,0.7533581712031637,66.66583333333334
2017-10-05,0.35134551288458576,0.6486544871154143,64.79125
2017-10-06,0.3091152272377778,0.6908847727622223,60.71708333333334
2017-10-07,0.2573928533335999,0.7426071466664002,60.41499999999999
2017-10-08,0.182419671014059,0.817580328985941,60.92333333333333
2017-10-09,0.14055683671420036,0.8594431632857996,69.07125
2017-10-10,0.18461857571264725,0.8153814242873527,71.16666666666667
2017-10-11,0.18804863852268103,0.8119513614773191,69.79541666666665
2017-10-12,0.18484007631318672,0.8151599236868132,65.53708333333334
2017-10-13,0.2238324328669576,0.7761675671330424,68.39958333333335
2017-10-14,0.37125163556428825,0.6287483644357117,65.13958333333333
2017-10-15,0.3149285780925893,0.6850714219074108,56.73500000000001
2017-10-16,0.2924167233765877,0.7075832766234122,62.44833333333333
2017-10-17,0.24609033159058985,0.7539096684094102,64.63958333333332
2017-10-18,0.2620694682534029,0.7379305317465972,66.31208333333335
2017-10-19,0.31679134771936523,0.6832086522806348,66.49916666666665
2017-10-20,0.32453913887901964,0.6754608611209804,61.66083333333335
2017-10-21,0.2865717691963627,0.7134282308036373,59.45416666666667
2017-10-22,0.2180394402750326,0.7819605597249674,60.38749999999999
2017-10-23,0.2260876396640589,0.7739123603359409,73.64541666666666
2017-10-24,0.2188624985318045,0.7811375014681955,68.19500000000001
2017-10-25,0.2178280829549447,0.7821719170450553,67.39
2017-10-26,0.30996213000120865,0.6900378699987914,66.78291666666668
2017-10-27,0.43934364080753385,0.5606563591924661,62.91041666666666
2017-10-28,0.4135269149560637,0.5864730850439364,57.54208333333335
2017-10-29,0.3791199034153889,0.6208800965846111,56.57666666666666
2017-10-30,0.2577624051643282,0.7422375948356719,58.91916666666666
2017-10-31,0.3378128902945391,0.6621871097054609,64.11333333333334
2017-11-01,0.21902969475690484,0.7809703052430952,56.04499999999999
2017-11-02,0.18864423650326867,0.8113557634967313,63.52208333333332
2017-11-03,0.25587075265923565,0.7441292473407644,65.32000000000001
2017-11-04,0.4742544731092035,0.5257455268907965,59.22166666666667
2017-11-05,0.3670849000276051,0.6329150999723949,48.95291666666666
2017-11-06,0.31686090734950884,0.6831390926504912,61.8825
2017-11-07,0.31629736648156553,0.6837026335184344,64.36125
2017-11-08,0.35079347574682085,0.6492065242531792,63.40208333333332
2017-11-09,0.3385226005469625,0.6614773994530375,63.64000000000001
2017-11-10,0.3464268689501057,0.6535731310498943,64.78916666666667
2017-11-11,0.3890943619411077,0.6109056380588923,61.910833333333336
2017-11-12,0.4422340515573867,0.5577659484426133,58.10458333333335
2017-11-13,0.3308962036627582,0.6691037963372418,59.17333333333334
2017-11-14,0.17505303107228862,0.8249469689277114,64.09291666666668
2017-11-15,0.14019257734537785,0.8598074226546222,71.22541666666667
2017-11-16,0.18040255754248466,0.8195974424575153,73.51458333333333
2017-11-17,0.24679858891653805,0.7532014110834621,72.2375
2017-11-18,0.20425649733280368,0.7957435026671963,65.17125
2017-11-19,0.1516284147534007,0.8483715852465993,65.40666666666665
2017-11-20,0.1764691808240994,0.8235308191759005,73.40791666666667
2017-11-21,0.2850248316745143,0.7149751683254857,69.88708333333335
2017-11-22,0.3072751094562812,0.6927248905437188,65.31541666666666
2017-11-23,0.2481426140674157,0.7518573859325843,64.29124999999998
2017-11-24,0.3434717676588747,0.6565282323411252,67.425
2017-11-25,0.3100028161873405,0.6899971838126595,61.62541666666666
2017-11-26,0.16024720869759096,0.839752791302409,62.34374999999999
2017-11-27,0.17165967248463088,0.8283403275153691,72.67583333333332
2017-11-28,0.2454589435470313,0.7545410564529688,75.1975
2017-11-29,0.2603693006176537,0.7396306993823463,73.91333333333336
2017-11-30,0.3649374417645999,0.6350625582354001,75.65916666666669
2017-12-01,0.3947060235677815,0.6052939764322185,72.16749999999998
2017-12-02,0.3311233135647132,0.6688766864352869,66.955
2017-12-03,0.209461956700436,0.7905380432995641,67.36291666666666
2017-12-04,0.16284802771671095,0.8371519722832891,78.87416666666665
2017-12-05,0.18682927265550534,0.8131707273444947,83.18708333333333
2017-12-06,0.22833210899973605,0.7716678910002639,81.07166666666664
2017-12-07,0.2780307799864213,0.7219692200135787,77.49916666666667
2017-12-08,0.3243875071361457,0.6756124928638543,72.20666666666666
2017-12-09,0.487509008562917,0.512490991437083,73.87875
2017-12-10,0.4075307436739095,0.5924692563260905,55.30416666666665
2017-12-11,0.2672782951531529,0.7327217048468471,59.005
2017-12-12,0.3222116897068005,0.6777883102931995,75.74749999999997
2017-12-13,0.3782197861225859,0.6217802138774141,75.1570833333333
2017-12-14,0.3774438641364105,0.6225561358635896,67.86791666666666
2017-12-15,0.3392133955246149,0.6607866044753851,66.76875
2017-12-16,0.30369390424099624,0.6963060957590037,63.52791666666666
2017-12-17,0.2880654698102801,0.71193453018972,62.44708333333333
2017-12-18,0.2868020531396964,0.7131979468603036,71.45750000000002
2017-12-19,0.25691261741430416,0.7430873825856958,70.09833333333334
2017-12-20,0.2533068507931801,0.7466931492068198,73.19083333333333
2017-12-21,0.3296296948831125,0.6703703051168874,72.005
2017-12-22,0.313423831325833,0.6865761686741669,66.47208333333334
2017-12-23,0.26810241445091165,0.7318975855490883,61.14458333333335
2017-12-24,0.3693852036553635,0.6306147963446365,59.99708333333333
2017-12-25,0.4712948110599206,0.5287051889400795,55.83166666666667
2017-12-26,0.5415657815167254,0.4584342184832746,53.99083333333334
2017-12-27,0.5204815435622197,0.4795184564377804,50.41666666666666
2017-12-28,0.4936511789742162,0.5063488210257838,56.52416666666666
2017-12-29,0.4936047288810636,0.5063952711189365,55.26166666666666
2017-12-30,0.5301067927240825,0.4698932072759176,45.61166666666667
2018-01-01,0.539470638893795,0.46052936110620496,21.40333333333333
2018-01-02,0.5203172007572057,0.4796827992427943,47.58458333333334
2018-01-03,0.5476527452897432,0.4523472547102568,47.43708333333333
2018-01-04,0.492635017575148,0.5073649824248521,45.0125
2018-01-05,0.4104077926633707,0.5895922073366293,51.755
2018-01-06,0.3642869206658135,0.6357130793341865,52.20875
2018-01-07,0.218003968181454,0.7819960318185459,53.40666666666666
2018-01-08,0.3472508671722473,0.6527491328277526,70.90916666666669
2018-01-09,0.4352344665236923,0.5647655334763078,64.28874999999998
2018-01-10,0.46538735448656604,0.534612645513434,59.55958333333334
2018-01-11,0.33597832986141724,0.6640216701385828,58.23
2018-01-12,0.2995128556663214,0.7004871443336786,65.66875
2018-01-13,0.2886037396153039,0.7113962603846962,59.56375000000001
2018-01-14,0.31692450259166305,0.683075497408337,58.73666666666666
2018-01-15,0.4399758202850593,0.5600241797149408,63.13624999999999
2018-01-16,0.38033723239156464,0.6196627676084354,57.82083333333333
2018-01-17,0.27732968035434924,0.7226703196456508,59.54958333333334
2018-01-18,0.30634316312458826,0.6936568368754117,63.28458333333333
2018-01-19,0.4655198295118829,0.534480170488117,60.84166666666668
2018-01-20,0.484831825794445,0.5151681742055549,52.74999999999999
2018-01-21,0.3815994051042663,0.6184005948957337,50.31833333333334
2018-01-22,0.26992210355715984,0.7300778964428402,59.61000000000001
2018-01-23,0.2928710357135193,0.7071289642864806,63.41916666666666
2018-01-24,0.3378036288998452,0.6621963711001548,61.785
2018-01-25,0.5034619679984091,0.4965380320015909,58.71041666666665
2018-01-26,0.4682020587898521,0.5317979412101479,55.76541666666667
2018-01-27,0.4463280888818105,0.5536719111181894,54.22041666666667
2018-01-28,0.3011032924049858,0.6988967075950142,54.49625
2018-01-29,0.2648994122529982,0.7351005877470018,60.01
2018-01-30,0.256329241417322,0.7436707585826781,59.79416666666666
2018-01-31,0.3712012096750449,0.6287987903249551,62.383750000000006
2018-02-01,0.44773717353760495,0.552262826462395,59.75416666666669
2018-02-02,0.4557335139449172,0.5442664860550828,57.6525
2018-02-03,0.34224960827311235,0.6577503917268877,54.31625000000002
2018-02-04,0.348088876404716,0.6519111235952839,58.21000000000001
2018-02-05,0.3868584552019191,0.6131415447980809,61.08833333333334
2018-02-06,0.3769262892255978,0.6230737107744022,60.60875000000001
2018-02-07,0.3118369602225688,0.6881630397774312,62.98166666666666
2018-02-08,0.3097745513763404,0.6902254486236596,68.75791666666667
2018-02-09,0.4210556609678681,0.5789443390321319,66.22666666666667
2018-02-10,0.4587294440028901,0.5412705559971098,56.59958333333334
2018-02-11,0.3740226869976785,0.6259773130023215,54.50124999999999
2018-02-12,0.4326784360281317,0.5673215639718683,62.10125000000002
2018-02-13,0.4928334900580634,0.5071665099419367,57.49083333333334
2018-02-14,0.3713329657977393,0.6286670342022607,54.96333333333333
2018-02-15,0.2611741538826524,0.7388258461173476,61.69583333333332
2018-02-16,0.402608445320974,0.597391554679026,65.68249999999999
2018-02-17,0.420926242531624,0.579073757468376,55.91041666666666
2018-02-18,0.37579494724947216,0.6242050527505278,56.75125000000002
2018-02-19,0.5007543777988116,0.4992456222011884,62.306249999999984
2018-02-20,0.5128583632528333,0.4871416367471667,58.45083333333335
2018-02-21,0.4526873524938492,0.5473126475061507,56.31833333333333
2018-02-22,0.3349977379783868,0.6650022620216132,59.84208333333334
2018-02-23,0.268103589545584,0.7318964104544158,64.05291666666666
2018-02-24,0.3025006456208754,0.6974993543791246,63.9775
2018-02-25,0.37904534942764,0.62095465057236,62.62166666666667
2018-02-26,0.3641811809510296,0.6358188190489704,65.68624999999999
2018-02-27,0.42192590825176396,0.578074091748236,70.86916666666667
2018-02-28,0.5079068350139735,0.4920931649860265,64.78458333333334
2018-03-01,0.5036925575187434,0.4963074424812566,58.13583333333332
2018-03-02,0.5697512422656238,0.4302487577343762,57.79208333333332
2018-03-03,0.5295070733772108,0.4704929266227892,52.30333333333332
2018-03-04,0.5115405683647319,0.4884594316352681,50.88958333333334
2018-03-05,0.5359720469311376,0.4640279530688624,58.33750000000001
2018-03-06,0.4534428228921983,0.5465571771078017,57.22416666666667
2018-03-07,0.4945707934740538,0.5054292065259463,58.59208333333334
2018-03-08,0.5571905833056201,0.4428094166943799,55.741249999999994
2018-03-09,0.6224794203698348,0.3775205796301652,51.04125
2018-03-10,0.6773128991312618,0.3226871008687382,38.96208333333335
2018-03-11,0.6218913961844744,0.3781086038155256,16.95333333333333
2018-03-12,0.5148863203117899,0.4851136796882101,47.77833333333334
2018-03-13,0.5968605307790438,0.4031394692209562,57.35916666666665
2018-03-14,0.6086022006271851,0.3913977993728151,46.89458333333334
2018-03-15,0.5526219122498598,0.4473780877501402,43.43208333333333
2018-03-16,0.5579131124897608,0.4420868875102392,54.22333333333333
2018-03-17,0.5599319936598964,0.4400680063401036,53.37666666666669
2018-03-18,0.6011495367880022,0.3988504632119978,47.79124999999999
2018-03-19,0.6312981663129202,0.36870183368707976,53.50125
2018-03-20,0.6119950400206694,0.3880049599793306,47.11833333333334
2018-03-21,0.5490449670351791,0.4509550329648209,54.02916666666668
2018-03-22,0.5904479734336289,0.4095520265663711,61.21625
2018-03-23,0.6538293103350975,0.3461706896649025,53.35166666666668
2018-03-24,0.5548212148817612,0.4451787851182388,32.29125
2018-03-25,0.55679628081323,0.4432037191867701,50.26
2018-03-26,0.5671597291852596,0.4328402708147404,57.79916666666665
2018-03-27,0.5596785783514632,0.4403214216485368,53.70250000000001
2018-03-28,0.5584854948867147,0.4415145051132853,50.69583333333333
2018-03-29,0.6209706362908068,0.3790293637091932,34.77708333333333
2018-03-30,0.6149073077649055,0.3850926922350945,14.905416666666667
2018-03-31,0.5278406572119242,0.4721593427880758,25.58458333333333
2018-04-01,0.5693696849794773,0.4306303150205227,35.3875
2018-04-02,0.5941760020858791,0.40582399791412094,37.89041666666665
2018-04-03,0.6068310220742277,0.3931689779257723,38.958333333333336
2018-04-04,0.5095528255976419,0.4904471744023581,41.40875
2018-04-05,0.5639885903867645,0.4360114096132355,54.19416666666666
2018-04-06,0.5054193416870639,0.4945806583129361,46.18125000000001
2018-04-07,0.5303411372761458,0.4696588627238542,48.89374999999999
2018-04-08,0.5148054107880895,0.4851945892119105,42.66416666666667
2018-04-09,0.5582873707579274,0.44171262924207255,56.48333333333333
2018-04-10,0.6173210598217558,0.3826789401782442,53.53625
2018-04-11,0.5150195953913796,0.4849804046086204,48.20333333333333
2018-04-12,0.4239798237595165,0.5760201762404835,57.47083333333333
2018-04-13,0.4766141176684132,0.5233858823315869,65.46166666666666
2018-04-14,0.5321320531568808,0.4678679468431192,55.4625
2018-04-15,0.5417008144414653,0.4582991855585346,46.54458333333334
2018-04-16,0.4680275603459876,0.5319724396540124,56.23083333333335
2018-04-17,0.5152222032777131,0.4847777967222869,60.04708333333334
2018-04-18,0.5648732001105481,0.4351267998894519,57.99208333333332
2018-04-19,0.5800685618551924,0.4199314381448076,53.12416666666667
2018-04-20,0.5392469298729998,0.4607530701270002,48.11333333333334
2018-04-21,0.5059775961509414,0.4940224038490586,45.95000000000002
2018-04-22,0.4761451430779961,0.5238548569220038,49.45208333333332
2018-04-23,0.5015774227958933,0.4984225772041066,57.49
2018-04-24,0.5151451729910764,0.4848548270089236,55.43666666666667
2018-04-25,0.5124921717882709,0.4875078282117291,52.7725
2018-04-26,0.5149676500895601,0.4850323499104399,55.23624999999999
2018-04-27,0.5147076874824348,0.4852923125175652,55.76166666666668
2018-04-28,0.5523611784875958,0.4476388215124042,50.215
2018-04-29,0.4955932777186373,0.5044067222813626,35.61041666666666
2018-04-30,0.479153088942921,0.520846911057079,50.26958333333334
2018-05-01,0.5422143426766487,0.4577856573233513,47.7375
2018-05-02,0.5966427250070451,0.4033572749929549,52.38916666666666
2018-05-03,0.6051327761704688,0.3948672238295312,49.43291666666667
2018-05-04,0.5322479386011695,0.4677520613988305,49.58875000000001
2018-05-05,0.4662025830576996,0.5337974169423004,52.08333333333334
2018-05-06,0.4155557863653647,0.5844442136346353,56.12000000000001
2018-05-07,0.4491581892685002,0.5508418107314998,64.20291666666667
2018-05-08,0.4703547268861031,0.5296452731138971,64.17416666666666
2018-05-09,0.4933703416908585,0.5066296583091415,61.81333333333334
2018-05-10,0.43618107290090463,0.5638189270990954,61.26083333333333
2018-05-11,0.5605022134155164,0.4394977865844836,64.80833333333332
2018-05-12,0.5478160627384017,0.4521839372615983,49.50333333333335
2018-05-13,0.4970825235138583,0.5029174764861417,44.59166666666667
2018-05-14,0.5112263077389803,0.4887736922610197,59.57083333333333
2018-05-15,0.5188189757447991,0.4811810242552009,57.54874999999999
2018-05-16,0.4896045926791101,0.51039540732089,58.91624999999999
2018-05-17,0.4519805402515004,0.5480194597484995,61.214166666666664
2018-05-18,0.4330639614666891,0.5669360385333109,64.32499999999999
2018-05-19,0.3691005809657205,0.6308994190342796,66.26541666666665
2018-05-20,0.3351496306907933,0.6648503693092067,65.65875000000001
2018-05-21,0.3267346214586595,0.6732653785413405,69.53125000000001
2018-05-22,0.3277176266226993,0.6722823733773007,68.93624999999999
2018-05-23,0.3582754279706358,0.6417245720293643,70.9191666666667
2018-05-24,0.3683231392570173,0.6316768607429827,69.99458333333335
2018-05-25,0.32744775846246943,0.6725522415375306,70.28958333333334
2018-05-26,0.33487785999516345,0.6651221400048366,66.90208333333334
2018-05-27,0.3591588746307203,0.6408411253692797,66.51083333333334
2018-05-28,0.32193153081159115,0.6780684691884089,68.26624999999999
2018-05-29,0.3201252755931652,0.6798747244068348,70.76416666666667
2018-05-30,0.3353044239915509,0.6646955760084491,70.33291666666668
2018-05-31,0.3544668156625935,0.6455331843374066,68.76958333333332
2018-06-01,0.36854801576338175,0.6314519842366182,68.51333333333334
2018-06-02,0.41515910686001867,0.5848408931399813,66.96458333333334
2018-06-03,0.4093775482615589,0.5906224517384411,60.50208333333333
2018-06-04,0.3645736916286453,0.6354263083713547,63.52291666666668
2018-06-05,0.34210436522339555,0.6578956347766045,64.75041666666665
2018-06-06,0.3502385809726859,0.6497614190273141,67.52291666666667
2018-06-07,0.34795897321654945,0.6520410267834506,67.71083333333335
2018-06-08,0.4099899866741885,0.5900100133258115,66.87041666666666
2018-06-09,0.401784583568588,0.598215416431412,63.85624999999999
2018-06-10,0.41839675915100577,0.5816032408489942,61.85291666666665
2018-06-11,0.5163992240484643,0.4836007759515357,64.58041666666666
2018-06-12,0.5424004841366526,0.4575995158633474,60.84083333333333
2018-06-13,0.5015644222383532,0.4984355777616468,59.475
2018-06-14,0.4929951786022322,0.5070048213977678,63.46083333333333
2018-06-15,0.4978239986648178,0.5021760013351821,62.60041666666666
2018-06-16,0.5316217033863048,0.4683782966136952,58.10958333333334
2018-06-17,0.5534235034235038,0.4465764965764962,52.1075
2018-06-18,0.5287139744187394,0.4712860255812607,60.97625
2018-06-19,0.4505315110167002,0.5494684889832999,62.46208333333334
2018-06-20,0.4593458104207325,0.5406541895792675,67.38041666666666
2018-06-21,0.4851249519306438,0.5148750480693562,67.24625
2018-06-22,0.4673576507669411,0.5326423492330589,65.60666666666665
2018-06-23,0.4042084683199098,0.5957915316800901,62.26583333333334
2018-06-24,0.3791482016771653,0.6208517983228347,64.34750000000001
2018-06-25,0.351358064967601,0.648641935032399,67.98208333333332
2018-06-26,0.349702840668687,0.6502971593313129,69.24333333333334
2018-06-27,0.3468977615425935,0.6531022384574066,68.72458333333331
2018-06-28,0.3769218127214992,0.6230781872785007,68.32916666666667
2018-06-29,0.3945071098255739,0.6054928901744261,68.23041666666667
2018-06-30,0.3795802350173575,0.6204197649826425,64.03375000000001
2018-07-01,0.3666296029477205,0.6333703970522795,61.35833333333334
2018-07-02,0.37114421777105705,0.628855782228943,67.62333333333332
2018-07-03,0.4074647947031462,0.5925352052968538,67.69708333333332
2018-07-04,0.4095609523478308,0.5904390476521693,67.13291666666665
2018-07-05,0.3795459018534893,0.6204540981465108,66.31666666666668
2018-07-06,0.38288590378210935,0.6171140962178907,67.26916666666666
2018-07-07,0.3895759496755129,0.6104240503244871,65.12958333333334
2018-07-08,0.3995237639264228,0.6004762360735771,63.10708333333334
2018-07-09,0.3882507755104193,0.6117492244895808,66.98041666666667
2018-07-10,0.4037035420287812,0.5962964579712189,66.5075
2018-07-11,0.34441829708288624,0.6555817029171138,67.30958333333332
2018-07-12,0.37719977946735206,0.6228002205326479,69.60666666666667
2018-07-13,0.33934427196697176,0.6606557280330283,69.365
2018-07-14,0.36018426043549945,0.6398157395645006,66.66583333333332
2018-07-15,0.4293241039203224,0.5706758960796776,63.97708333333333
2018-07-16,0.3771992524052995,0.6228007475947005,67.45125000000002
2018-07-17,0.40132602271685824,0.5986739772831418,68.63166666666665
2018-07-18,0.3787748325511514,0.6212251674488486,69.38291666666665
2018-07-19,0.4115506070684459,0.5884493929315541,69.92208333333333
2018-07-20,0.3755125699415116,0.6244874300584884,68.10208333333333
2018-07-21,0.37299334589684335,0.6270066541031567,66.61833333333333
2018-07-22,0.35671112490567736,0.6432888750943226,64.56291666666667
2018-07-23,0.3286445887919724,0.6713554112080276,69.20666666666668
2018-07-24,0.3379193692010814,0.6620806307989187,70.62208333333334
2018-07-25,0.3150601492983137,0.6849398507016863,70.73416666666667
2018-07-26,0.34981366765189376,0.6501863323481063,72.10958333333333
2018-07-27,0.39110410025732895,0.608895899742671,70.5425
2018-07-28,0.415214703533318,0.584785296466682,68.72416666666665
2018-07-29,0.3360644349484844,0.6639355650515155,64.63708333333332
2018-07-30,0.2945865887223484,0.7054134112776516,71.82583333333334
2018-07-31,0.3516505221107145,0.6483494778892855,72.05708333333334
2018-08-01,0.3178369205829808,0.6821630794170193,68.6425
2018-08-02,0.29929459963010696,0.7007054003698929,71.07083333333333
2018-08-03,0.3365648658643292,0.6634351341356708,73.99208333333334
2018-08-04,0.32765134944642965,0.6723486505535703,70.50333333333334
2018-08-05,0.27383341807240263,0.7261665819275973,69.71166666666669
2018-08-06,0.3061053352456097,0.6938946647543903,74.00125
2018-08-07,0.3199014796020673,0.6800985203979327,70.35750000000002
2018-08-08,0.3708611052409217,0.6291388947590784,70.91499999999998
2018-08-09,0.3336378462633262,0.6663621537366737,68.47708333333334
2018-08-10,0.33452075107715545,0.6654792489228445,68.77041666666666
2018-08-11,0.34440349188038555,0.6555965081196145,68.45416666666667
2018-08-12,0.3000516531869613,0.6999483468130387,67.24416666666666
2018-08-13,0.4034404172083237,0.5965595827916763,70.18124999999999
2018-08-14,0.3709498459204289,0.6290501540795711,68.13958333333333
2018-08-15,0.3201171853554096,0.6798828146445903,66.13125000000001
2018-08-16,0.42686914830628414,0.5731308516937159,71.2875
2018-08-17,0.4660222248074788,0.5339777751925212,67.13958333333332
2018-08-18,0.4401240134524305,0.5598759865475695,63.11083333333334
2018-08-19,0.4135049786537322,0.5864950213462679,63.69583333333333
2018-08-20,0.3154983003708079,0.6845016996291922,69.04583333333333
2018-08-21,0.25700776871356673,0.7429922312864332,72.4825
2018-08-22,0.281911273496102,0.7180887265038979,74.95125
2018-08-23,0.345114662200918,0.654885337799082,72.91541666666667
2018-08-24,0.3647836930858603,0.6352163069141397,70.42583333333333
2018-08-25,0.30225971870587603,0.697740281294124,68.565
2018-08-26,0.2877727533238904,0.7122272466761096,70.55916666666666
2018-08-27,0.3403143688042991,0.6596856311957009,72.59166666666667
2018-08-28,0.28858196812331616,0.7114180318766838,73.81916666666666
2018-08-29,0.3144803627697615,0.6855196372302386,75.90166666666666
2018-08-30,0.3429464752270142,0.6570535247729858,74.98041666666667
2018-08-31,0.3682537193898583,0.6317462806101417,73.53208333333333
2018-09-01,0.3287370007586047,0.6712629992413953,70.03125
2018-09-02,0.31907569703278105,0.6809243029672191,71.24
2018-09-03,0.30459455647354466,0.6954054435264554,77.47875000000002
2018-09-04,0.26935359364742345,0.7306464063525766,78.11333333333333
2018-09-05,0.3070220325432893,0.6929779674567107,80.64083333333333
2018-09-06,0.3130065455246736,0.6869934544753264,76.39333333333335
2018-09-07,0.2786223728817804,0.7213776271182196,74.71333333333331
2018-09-08,0.2294077712126444,0.7705922287873556,74.90750000000003
2018-09-09,0.2910177675996574,0.7089822324003425,76.6716666666667
2018-09-10,0.3272219372915247,0.6727780627084753,79.00874999999998
2018-09-11,0.2806821979502885,0.7193178020497115,77.25958333333331
2018-09-12,0.2911778180132459,0.7088221819867542,80.55166666666666
2018-09-13,0.277161643039304,0.722838356960696,79.895
2018-09-14,0.2579793998291222,0.7420206001708778,78.90499999999999
2018-09-15,0.2465822415395016,0.7534177584604984,75.70583333333333
2018-09-16,0.2807155868136698,0.7192844131863302,75.74541666666666
2018-09-17,0.2190080380167666,0.7809919619832334,77.78333333333333
2018-09-18,0.2391609058106865,0.7608390941893135,80.23666666666666
2018-09-19,0.2686916951847129,0.7313083048152871,80.73666666666666
2018-09-20,0.2826316941029857,0.7173683058970144,79.31458333333332
2018-09-21,0.2502879841388909,0.749712015861109,78.77541666666666
2018-09-22,0.2879314776061383,0.7120685223938616,77.12083333333334
2018-09-23,0.4251358822528988,0.5748641177471012,74.18291666666667
2018-09-24,0.3906615413305619,0.6093384586694381,72.11458333333333
2018-09-25,0.3689188348230759,0.6310811651769241,75.12291666666668
2018-09-26,0.2956947919669329,0.7043052080330672,76.66041666666669
2018-09-27,0.27323833171041473,0.7267616682895852,78.92875
2018-09-28,0.30102022589465605,0.698979774105344,80.54291666666667
2018-09-29,0.2918558896231461,0.7081441103768539,75.16583333333331
2018-09-30,0.4416308738371613,0.5583691261628387,72.98958333333333
2018-10-01,0.4207120612083179,0.5792879387916819,70.95916666666666
2018-10-02,0.34395172882348657,0.6560482711765134,72.28833333333334
2018-10-03,0.23581848626029686,0.7641815137397032,76.60333333333334
2018-10-04,0.27246085889804544,0.7275391411019545,80.26291666666664
2018-10-05,0.35808860329875297,0.6419113967012471,77.77875
2018-10-06,0.4331086654392968,0.5668913345607032,71.81708333333334
2018-10-07,0.28134186078039586,0.7186581392196041,62.29333333333333
2018-10-08,0.239528934384894,0.7604710656151059,73.73833333333334
2018-10-09,0.2832550117007063,0.7167449882992938,73.99833333333333
2018-10-10,0.35049619971604506,0.6495038002839549,71.76458333333333
2018-10-11,0.3632388933290844,0.6367611066709156,70.205
2018-10-12,0.3870660191254652,0.6129339808745348,66.80874999999999
2018-10-13,0.4307084216393043,0.5692915783606957,66.15541666666667
2018-10-14,0.3167970495746317,0.6832029504253683,59.29874999999999
2018-10-15,0.18853189892942565,0.8114681010705743,68.68625
2018-10-16,0.20170682045716615,0.7982931795428339,78.55041666666666
2018-10-17,0.30442060716857233,0.6955793928314277,76.77083333333334
2018-10-18,0.3717356658768728,0.6282643341231272,69.81541666666665
2018-10-19,0.4031414789122305,0.5968585210877695,68.83083333333333
2018-10-20,0.3023590230421556,0.6976409769578444,64.24499999999999
2018-10-21,0.38981677240322304,0.6101832275967769,65.89541666666666
2018-10-22,0.3461474596858232,0.6538525403141768,68.06125
2018-10-23,0.2830760688646864,0.7169239311353136,67.90749999999998
2018-10-24,0.21988688192017716,0.7801131180798229,71.13166666666667
2018-10-25,0.2063545401741566,0.7936454598258433,75.41375000000002
2018-10-26,0.4338274648923957,0.5661725351076043,75.29625
2018-10-27,0.4497454942794217,0.5502545057205783,65.54083333333334
2018-10-28,0.475455633184768,0.5245443668152321,60.44875
2018-10-29,0.3550965874372442,0.6449034125627557,66.14458333333333
2018-10-30,0.2688022329606246,0.7311977670393754,71.08375
2018-10-31,0.318368399159959,0.6816316008400409,74.23166666666667
2018-11-01,0.3440826362972391,0.6559173637027609,67.88458333333332
2018-11-02,0.2564134427882091,0.7435865572117909,69.17166666666667
2018-11-03,0.3123795973386619,0.6876204026613382,67.79458333333334
2018-11-04,0.38343268675990577,0.6165673132400942,63.45416666666665
2018-11-05,0.4556242801130416,0.5443757198869584,65.57583333333332
2018-11-06,0.3832376047245802,0.6167623952754198,63.62708333333333
2018-11-07,0.3374069054016481,0.6625930945983519,65.41624999999999
2018-11-08,0.4921187422286031,0.5078812577713969,66.40541666666665
2018-11-09,0.5739162984490239,0.4260837015509761,64.46958333333333
2018-11-10,0.464617403122152,0.5353825968778481,57.54624999999999
2018-11-11,0.2626379072675714,0.7373620927324286,59.40374999999998
2018-11-12,0.24944626196979586,0.7505537380302041,69.1025
2018-11-13,0.30476691793311617,0.6952330820668838,69.47666666666667
2018-11-14,0.2697742411426491,0.7302257588573509,66.69875
2018-11-15,0.2799287868984029,0.7200712131015972,69.20333333333335
2018-11-16,0.3282135513517233,0.6717864486482767,69.12583333333332
2018-11-17,0.4064876652639241,0.5935123347360761,65.34333333333335
2018-11-18,0.24314638132620506,0.756853618673795,63.10166666666665
2018-11-19,0.31174109047351817,0.6882589095264818,73.19624999999998
2018-11-20,0.3360562008374985,0.6639437991625015,68.1225
2018-11-21,0.3124637439800464,0.6875362560199536,69.15583333333333
2018-11-22,0.32274483419846034,0.6772551658015397,70.66875
2018-11-23,0.37811648273622,0.62188351726378,71.37708333333335
2018-11-24,0.4219229088338859,0.5780770911661142,66.04958333333332
2018-11-25,0.4687863009052332,0.5312136990947669,63.42875000000001
2018-11-26,0.3634474658430081,0.6365525341569921,63.98291666666668
2018-11-27,0.34000521203908163,0.6599947879609184,69.06541666666665
2018-11-28,0.3248691133253794,0.6751308866746206,66.79249999999998
2018-11-29,0.36367261060024497,0.636327389399755,66.80625000000002
2018-11-30,0.4384120815285656,0.5615879184714343,67.07541666666667
2018-12-01,0.4731336124457579,0.5268663875542421,64.66708333333334
2018-12-02,0.3642951245600662,0.6357048754399338,60.905
2018-12-03,0.2727334155638225,0.7272665844361774,67.54458333333334
2018-12-04,0.3238320778873049,0.6761679221126949,72.14083333333333
2018-12-05,0.36025663328499896,0.639743366715001,68.13749999999999
2018-12-06,0.4032438243717213,0.5967561756282787,65.59791666666668
2018-12-07,0.3855822712243829,0.6144177287756171,66.49916666666667
2018-12-08,0.3856473210841392,0.6143526789158608,64.54875
2018-12-09,0.29593688022152803,0.7040631197784719,64.3775
2018-12-10,0.2584794127449285,0.7415205872550714,67.67625000000001
2018-12-11,0.3265609451711624,0.6734390548288376,70.07208333333331
2018-12-12,0.4830089342751922,0.5169910657248078,69.5275
2018-12-13,0.4498896074624201,0.5501103925375799,65.75749999999998
2018-12-14,0.4786569251880858,0.5213430748119141,67.64125
2018-12-15,0.5187984845200082,0.4812015154799918,64.18249999999999
2018-12-16,0.3649478797501744,0.6350521202498256,61.45375000000002
2018-12-17,0.420379186683052,0.5796208133169479,69.33458333333333
2018-12-18,0.4274446391328237,0.5725553608671763,67.08166666666666
2018-12-19,0.3707628001480131,0.6292371998519869,66.41375
2018-12-20,0.4333734022223435,0.5666265977776566,68.60041666666666
2018-12-21,0.3633829100374141,0.6366170899625859,66.30333333333333
2018-12-22,0.3023252034685853,0.6976747965314147,67.09416666666668
2018-12-23,0.2811886761214443,0.7188113238785556,67.91749999999999
2018-12-24,0.27563314868539845,0.7243668513146015,69.95125
2018-12-25,0.27232761697481017,0.7276723830251899,68.06583333333334
2018-12-26,0.24473076084976655,0.7552692391502334,69.05416666666666
2018-12-27,0.31427935232047816,0.6857206476795219,72.95958333333333
2018-12-28,0.4563809914922137,0.5436190085077863,69.23041666666666
2018-12-29,0.4086686533448253,0.5913313466551747,62.62333333333334
2018-12-30,0.3413513548563158,0.6586486451436842,64.56708333333334
